"ANYO","DEPTO","VARIABLE","X1","X2","X3","X4","X5","X6","X7","X8","X9","X10","X11","X12"
2007,"AMAZONAS","PRECIP",287.266666666667,121.404545454545,439.369565217391,380.85652173913,329.995652173913,383.908695652174,247.8,235.552173913043,258.231818181818,262.391304347826,257.447826086957,303.573913043478
2008,"AMAZONAS","PRECIP",283.521739130435,264.130434782609,313.839130434783,286.773913043478,364.094736842105,339.072727272727,341.981818181818,267.572727272727,285.081818181818,304.609090909091,283.45,221.460869565217
2009,"AMAZONAS","PRECIP",440.042307692308,331.676,363.608,436.341666666667,327.025,339.812,342.98,268.364,196.2,196.545833333333,239.884,261.408
2010,"AMAZONAS","PRECIP",271.829166666667,253.775510204082,359.517647058824,380.425490196078,312.991111111111,346.32,218.425581395349,209.232558139535,219.93023255814,175.856097560976,267.645,234.497435897436
2011,"AMAZONAS","PRECIP",216.159090909091,222.920930232558,308.336585365854,283.668292682927,447.786486486486,387.51724137931,274.05,187.520833333333,244.241666666667,206.5,268.995833333333,338.816666666667
2012,"AMAZONAS","PRECIP",297.62,306.184,421.112,302.708333333333,393.26,308.34,301.254166666667,270.2125,273.475,296.0375,288.9,339.304
2013,"AMAZONAS","PRECIP",330.6,351.744,376.744,354.675,385.425,333.973913043478,326.619047619048,289.773684210526,297.2,316.583333333333,292.5,309
2014,"AMAZONAS","PRECIP",325.491538461538,299.169166666667,328.23,452.662307692308,416.715833333333,457.17,236.35,249.58,241.76,275.79,NA,288.75
2007,"ANTIOQUIA","PRECIP",94.4426666666667,23.4420814479638,226.114814814815,396.207339449541,477.182547169811,240.629245283019,292.77345971564,418.21023255814,347.02476635514,409.311267605634,242.649282296651,195.253140096618
2008,"ANTIOQUIA","PRECIP",100.252036199095,199.980542986425,218.122624434389,276.286425339367,363.663302752294,350.210550458716,384.527314814815,396.299543378995,287.600456621005,393.348387096774,387.618721461187,109.672018348624
2009,"ANTIOQUIA","PRECIP",176.117431192661,160.947465437788,242.628378378378,244.918552036199,297.762162162162,331.115765765766,214.224888888889,286.20407239819,204.977777777778,301.330769230769,261.79954954955,132.316742081448
2010,"ANTIOQUIA","PRECIP",27.8581333333333,61.7204851752022,198.244444444444,266.670027247956,374.604266666667,373.06550802139,410.649868073879,369.266754617414,418.750531914894,316.661229946524,396.053658536585,289.241689373297
2011,"ANTIOQUIA","PRECIP",113.93286908078,141.347578347578,273.552134146341,452.568078175896,306.788513513514,302.603424657534,293.007473309609,277.335546875,296.139664804469,345.85987654321,327.045222929936,276.201324503311
2012,"ANTIOQUIA","PRECIP",117.096078431373,74.7572368421053,209.267105263158,390.721710526316,336.381578947368,216.373684210526,201.144,315.101307189542,206.230065359477,330.397315436242,263.618367346939,113.944666666667
2013,"ANTIOQUIA","PRECIP",29.0112582781457,136.941721854305,202.504605263158,247.354966887417,409.379333333333,255.824832214765,186.33,340.933103448276,297.489583333333,279.784615384615,309.736956521739,173.960740740741
2014,"ANTIOQUIA","PRECIP",85.3393333333333,113.400238095238,118.331825396825,228.490088495575,324.027721518987,237.227209302326,122.89,251.15,287.91,245.36,NA,141.44
2007,"ARAUCA","PRECIP",6.25,14.85,126.2125,198.7875,233.844444444444,350.911111111111,277.788888888889,317.044444444444,236.611111111111,269.655555555556,104.844444444444,84.1777777777778
2008,"ARAUCA","PRECIP",13.0222222222222,26.0222222222222,37.5,134.688888888889,303.133333333333,315.755555555556,296.944444444444,231.188888888889,228.3,237.425,218.5375,29.45
2009,"ARAUCA","PRECIP",54.1333333333333,20.0222222222222,99.0111111111111,176.844444444444,189.622222222222,370.933333333333,293.188888888889,242.033333333333,181.666666666667,230.188888888889,60.2888888888889,11.975
2010,"ARAUCA","PRECIP",2.21111111111111,10.2555555555556,81.9333333333333,242.977777777778,316,358.24,370.372,229.848,274.176,239.652,177.433333333333,56.1666666666667
2011,"ARAUCA","PRECIP",26.0777777777778,85.0888888888889,91.7888888888889,359.219047619048,493.538095238095,338.429411764706,268.133333333333,204.393333333333,189.013333333333,178.5,199.46,54.5625
2012,"ARAUCA","PRECIP",1.025,17.175,138.475,357.425,325.625,238.5125,298.1625,205.65,212.025,248.9,78.2875,45.8714285714286
2013,"ARAUCA","PRECIP",0.357142857142857,11.95,116.225,248.6375,299.7,294.883333333333,275.34,244.82,294.94,228.68,175.72,29.2
2014,"ARAUCA","PRECIP",9.28666666666667,25.54,9.43,289.45,170.44,302.28,261.33,155.45,259.67,200.5,NA,49.95
2007,"ATLANTICO","PRECIP",0,4.7375,21.2,144.925,195.466666666667,100.695833333333,152.65,242.3375,128.958333333333,249.858333333333,70.7333333333333,25.956
2008,"ATLANTICO","PRECIP",1.612,8.632,22.0833333333333,55.425,117.670833333333,137.908333333333,133.004166666667,201.804166666667,249.673913043478,226.517391304348,226.104166666667,8.932
2009,"ATLANTICO","PRECIP",6.16,0.264,12,35.948,143.164,119.488,43.132,160.8,106.52,135.344,101.820833333333,17.28
2010,"ATLANTICO","PRECIP",1.27105263157895,2.78026315789474,78.3972602739726,62.4315068493151,136.294520547945,227.146575342466,235.245205479452,208.098630136986,226.167123287671,279.92676056338,303.960294117647,100.740298507463
2011,"ATLANTICO","PRECIP",7.52564102564103,10.5641025641026,38.7153846153846,40.16,149.803333333333,145.346428571429,194.395833333333,152.570833333333,169.654166666667,361.783333333333,276.534782608696,65.595652173913
2012,"ATLANTICO","PRECIP",2.04545454545455,4.59090909090909,10.0047619047619,89.1857142857143,160.1,77.4833333333333,56.6368421052632,151.761111111111,135.375,140.152941176471,101.457142857143,31.3142857142857
2013,"ATLANTICO","PRECIP",0,4.28571428571429,2.88571428571429,37.6285714285714,136.233333333333,48.7,30.25,148.8,329.2,96.45,70.45,0
2014,"ATLANTICO","PRECIP",8.33333333333333,25,25,56.37,64.1566666666667,45.42,32.65,93.02,170.71,294.96,NA,46.13
2007,"BOGOTA","PRECIP",9.33333333333333,22.7947368421053,54.2647058823529,120.23125,83.3787234042553,116.06,54.9857142857143,80.2161290322581,34.4666666666667,154.662162162162,93.4551724137931,99.6
2008,"BOGOTA","PRECIP",25.425,58.0857142857143,85.7526315789474,91.3060606060606,185.372222222222,109.541176470588,83.5857142857143,81.3,54.4466666666667,104.941463414634,156.144444444444,67.2
2009,"BOGOTA","PRECIP",63.3352941176471,71.2789473684211,103.62,82.3,43.0022222222222,79.1875,95.24,58.9826086956522,39.6772727272727,127.504545454545,65.3772727272727,25.705
2010,"BOGOTA","PRECIP",16.975,36.3666666666667,36.7571428571429,205.752631578947,184.755,111.21,142.68,58.6157894736842,68.915,131.985,189.255555555556,130.611764705882
2011,"BOGOTA","PRECIP",62.0611111111111,98.5733333333333,142.266666666667,202.372727272727,131.17,64.23,62.8222222222222,53.48,51.04,151.7,315.7,NA
2007,"BOLIVAR","PRECIP",1.76413793103448,19.7393103448276,66.1007092198582,197.911888111888,305.516083916084,222.14965034965,221.145454545455,331.674125874126,252.797122302158,369.076595744681,165.479432624113,116.428368794326
2008,"BOLIVAR","PRECIP",23.2040816326531,33.2848275862069,81.5734265734266,126.289655172414,249.053691275168,189.076510067114,299.808053691275,311.651006711409,248.78389261745,271.412080536913,324.933793103448,54.7314685314685
2009,"BOLIVAR","PRECIP",29.4248275862069,28.7020408163265,127.594244604317,121.880291970803,187.481751824818,199.795683453237,150.443609022556,232.173722627737,144.702222222222,203.744776119403,213.810447761194,63.1880597014925
2010,"BOLIVAR","PRECIP",5.4975845410628,20.0990243902439,89.1931707317073,196.706341463415,240.228855721393,322.125870646766,388.411055276382,365.842211055276,340.475124378109,406.755050505051,421.487254901961,237.594285714286
2011,"BOLIVAR","PRECIP",49.1427419354839,63.5688524590164,138.519166666667,274.415384615385,271.139,296.658333333333,308.480434782609,265.055056179775,286.353424657534,370.8,378.239436619718,217.39
2012,"BOLIVAR","PRECIP",32.7422535211268,24.7042253521127,46.6225352112676,260.0671875,262.435593220339,201.780434782609,194.4375,351.517021276596,274.025,292.244186046512,255.204545454545,172.61875
2013,"BOLIVAR","PRECIP",3.8125,66.975,159.76875,263.85625,519.653333333333,382.553333333333,181.192307692308,453.138461538462,451.8,643.888888888889,502.25,221.625
2014,"BOLIVAR","PRECIP",64.5533333333333,61.2366666666667,95.33,169.41,406.693333333333,232.644285714286,66.34,206.1,213,186.8,NA,66.86
2007,"BOYACA","PRECIP",38.444512195122,23.464880952381,123.17380952381,182.315476190476,206.007738095238,153.474705882353,113.676023391813,183.413609467456,124.170414201183,210.465088757396,118.896363636364,86.6025641025641
2008,"BOYACA","PRECIP",50.6952662721894,50.8188235294118,83.9544378698225,137.271515151515,231.152631578947,194.980588235294,161.641666666667,174.950289017341,140.785542168675,166.872619047619,203.499393939394,48.8974193548387
2009,"BOYACA","PRECIP",72.291124260355,62.016091954023,138.360946745562,124.694219653179,125.089534883721,158.812352941176,109.943113772455,146.301204819277,87.9904191616766,140.838787878788,96.6221556886228,39.1502994011976
2010,"BOYACA","PRECIP",10.8027777777778,37.1246575342466,99.986301369863,230.441379310345,246.132876712329,162.536206896552,253.464383561644,127.868292682927,145.947552447552,158.916724738676,199.214788732394,103.458518518519
2011,"BOYACA","PRECIP",35.3483394833948,99.4409594095941,164.262172284644,283.909505703422,253.227519379845,160.057088122605,128.632156862745,144.744303797468,149.812560386473,189.861788617886,218.563636363636,111.955
2012,"BOYACA","PRECIP",55.3475409836066,41.1176470588235,153.41512605042,283.82479338843,148.603361344538,138.536974789916,187.608474576271,162.214912280702,88.3913043478261,154.730172413793,89.9725,48.8872881355932
2013,"BOYACA","PRECIP",14.8338842975207,78.3697478991597,87.6880341880342,160.1,187.636842105263,100.903333333333,141.213043478261,158.329824561404,105.210619469027,130.594736842105,162.12375,68.7885714285714
2014,"BOYACA","PRECIP",46.69,90.89,80.23,193.35,186.34,139.65,137.42,125.22,131.99,310.11,NA,87.08
2007,"CALDAS","PRECIP",229.866666666667,55.65,297.073333333333,369.703333333333,347.328125,86.025,190.026666666667,230.78125,204.154838709677,472.74375,311.065625,292.376666666667
2008,"CALDAS","PRECIP",171.24,238.156666666667,315.173333333333,263.566666666667,417.376666666667,216.906666666667,204.39,340.68,225.461290322581,343.435483870968,527.564516129032,231.751612903226
2009,"CALDAS","PRECIP",196.993103448276,199.151612903226,283.141935483871,226.509677419355,264.506451612903,241.809677419355,66.2193548387097,177.767741935484,106.441935483871,292.206451612903,289.164516129032,150.167741935484
2010,"CALDAS","PRECIP",70.7836363636364,106.333333333333,186.461538461538,207.15,263.056603773585,244.6,313.217307692308,198.955769230769,295.563829787234,328.703846153846,524.377777777778,337.014814814815
2011,"CALDAS","PRECIP",134.630909090909,246.383673469388,284.160416666667,400.25652173913,233.60652173913,173.313333333333,183.237209302326,193.877142857143,179.06875,374.185714285714,429.292857142857,409.967857142857
2012,"CALDAS","PRECIP",272.153571428571,131.292857142857,219.325,381.632142857143,238.862962962963,121.125925925926,71.5740740740741,140.822222222222,100.014814814815,316.162962962963,259.4,189.592592592593
2013,"CALDAS","PRECIP",100.010714285714,278.2,192.722222222222,221.533333333333,338.257692307692,157.232142857143,50.472,171.7625,198.363157894737,241.595,275,161.1
2014,"CALDAS","PRECIP",120.503,146.653684210526,172.458333333333,155.731428571429,230.152,102.33,30.41,71.94,245.79,227.8,NA,198.08
2007,"CAQUETA","PRECIP",165.405882352941,81.4277777777778,365.594444444444,372.7,423.788888888889,440.968421052632,357.866666666667,302.726315789474,213.142105263158,268.116666666667,234.394736842105,155.933333333333
2008,"CAQUETA","PRECIP",130.544444444444,188.875,296.831578947368,312.08,477.16,404.165,316.710526315789,251.375,289.08,265.489473684211,264.9,107.073684210526
2009,"CAQUETA","PRECIP",211.157894736842,222.916666666667,372.805263157895,378.3,359.368421052632,450.211111111111,346.477777777778,270.631578947368,189.542105263158,194.147368421053,134.877777777778,144.794444444444
2010,"CAQUETA","PRECIP",101.538888888889,261.605882352941,384.278787878788,538.211111111111,390.235,370.645,321.584210526316,140.47,191.063157894737,217.584210526316,215.274285714286,156.321052631579
2011,"CAQUETA","PRECIP",66.0611111111111,135.589473684211,194.244444444444,395.133333333333,505.1125,439.465625,286.661538461538,163.175,259,183.044444444444,250.323529411765,237.570588235294
2012,"CAQUETA","PRECIP",116.95,251.964705882353,459.211764705882,431.783333333333,336.955555555556,284.823529411765,339.325,271.9875,226.05625,215.85625,141.15625,204.1
2013,"CAQUETA","PRECIP",89.9647058823529,269.382352941176,364.311764705882,308.835294117647,430.825,366.376470588235,448.486666666667,344.935714285714,275.430769230769,246.971428571429,230.175,170.083333333333
2014,"CAQUETA","PRECIP",144.438666666667,193.914615384615,311.788571428571,403.886428571429,445.818181818182,307.7475,309.19,224.14,177.36,287.14,NA,156.03
2007,"CASANARE","PRECIP",4.76774193548387,20.7,154.63,248.866666666667,435.229032258065,364.929032258065,226.512903225806,253.570967741935,297.658064516129,287.04375,87.5275862068966,55.9714285714286
2008,"CASANARE","PRECIP",5.809375,16.90625,38.309375,183.070967741935,407.6875,510.216129032258,378.646875,271.490625,294.353333333333,254.366666666667,215.042307692308,14.7576923076923
2009,"CASANARE","PRECIP",51.4290322580645,29.328125,91.796875,254.671875,322.89375,488.659375,372.1375,413.116129032258,209.445161290323,238.583333333333,129.348387096774,13.1806451612903
2010,"CASANARE","PRECIP",0.0666666666666667,34.5183333333333,222.203333333333,339.766129032258,419.313333333333,385.816666666667,371.656451612903,324.956666666667,216.425806451613,232.258064516129,229.071666666667,76.8193548387097
2011,"CASANARE","PRECIP",21.4879310344828,75.3241935483871,50.2016393442623,356.398245614035,559.372727272727,324.8,301.124561403509,224.810869565217,316.172093023256,285.483333333333,267.836666666667,109.144827586207
2012,"CASANARE","PRECIP",3.82666666666667,34.2551724137931,217.110344827586,460.496428571429,368.117857142857,381,452.3,277.455172413793,232.924137931034,353.389655172414,142.775,84.4310344827586
2013,"CASANARE","PRECIP",0.860714285714286,18.0214285714286,140.303448275862,256.410344827586,306.855172413793,259.703448275862,335.317857142857,245.675862068966,206.651851851852,171.188888888889,148.280952380952,34.8538461538462
2014,"CASANARE","PRECIP",5.2,44.27,32.175,436.396666666667,267.51,299.14,309.99,221.78,221.29,381.31,NA,58.55
2007,"CAUCA","PRECIP",199.041111111111,115.517045454545,279.406593406593,337.965591397849,316.227173913043,195.239130434783,155.565934065934,188.135869565217,124.330337078652,421.675824175824,314.28021978022,360.413043478261
2008,"CAUCA","PRECIP",318.462637362637,260.483146067416,267.353260869565,274.68152173913,325.761111111111,238.141304347826,197.060869565217,227.064130434783,191.801086956522,309.434065934066,357.425274725275,300.082222222222
2009,"CAUCA","PRECIP",294.454444444444,226.722222222222,295.615730337079,196.687777777778,213.06404494382,191.095505617978,129.472727272727,158.465909090909,123.614772727273,254.131460674157,277.226136363636,222.301136363636
2010,"CAUCA","PRECIP",87.7069892473118,172.721505376344,144.003191489362,313.905263157895,238.420212765957,209.790425531915,256.248663101604,120.443243243243,158.427659574468,300.344632768362,414.758659217877,306.202762430939
2011,"CAUCA","PRECIP",200.829943502825,295.607650273224,210.754857142857,370.885,227.929032258065,158.262666666667,191.729166666667,112.81981981982,157.346534653465,319.513186813187,361.749438202247,358.929213483146
2012,"CAUCA","PRECIP",357.659550561798,193.893258426966,182.795454545455,262.930120481928,126.449382716049,91.246835443038,81.1753424657534,98.8857142857143,71.7166666666667,279.665517241379,285.809090909091,215.690361445783
2013,"CAUCA","PRECIP",145.605952380952,220.98275862069,209.496470588235,246.375,336.001234567901,128.874390243902,129.767857142857,162.157831325301,140.814814814815,199.393506493506,292.095774647887,256.092957746479
2014,"CAUCA","PRECIP",204.910694444444,207.374366197183,229.111940298507,155.117936507937,208.863636363636,138.662727272727,122.75,191.76,214.66,294.07,NA,312.85
2007,"CESAR","PRECIP",2.9984126984127,9.12459016393443,118.590476190476,211.961290322581,282.633333333333,97.4875,130.9,282.680952380952,186.306666666667,323.145,124.195161290323,58.1338709677419
2008,"CESAR","PRECIP",8.45079365079365,24.6968253968254,93.1777777777778,131.190476190476,246.3125,144.771428571429,160.6109375,228.1984375,223.5234375,207.078125,254.655555555556,17.8138461538462
2009,"CESAR","PRECIP",44.8261538461538,10.6369230769231,126.0390625,111.049206349206,170.84,153.761538461538,86.9615384615385,156.1,100.42,184.124193548387,188.209836065574,38.59
2010,"CESAR","PRECIP",6.45241935483871,36.077868852459,125.023728813559,150.331404958678,268.615573770492,251.551239669421,257.010743801653,289.384033613445,321.426890756302,305.024369747899,313.044915254237,213.208474576271
2011,"CESAR","PRECIP",27.8533333333333,54.1504201680672,107.747619047619,214.307792207792,255.031578947368,170.2,213.834848484848,185.4609375,206.836206896552,370.085714285714,315.242105263158,119.762068965517
2012,"CESAR","PRECIP",7.01864406779661,10.4137931034483,76.8392857142857,231.169642857143,205.342105263158,132.824137931034,105.074137931034,211.777586206897,133.085964912281,321.822033898305,133.647272727273,33.0578947368421
2013,"CESAR","PRECIP",2.98245614035088,30.7666666666667,102.331578947368,136.156140350877,243.387037037037,127.423076923077,86.578431372549,234.608,228.828571428571,237.191666666667,160.445454545455,50.16
2014,"CESAR","PRECIP",35.71,32.16,72.25,113.55,217.6,44.6,32.59,174.79,208.6,377.13,NA,75.58
2007,"CHOCO","PRECIP",445.616666666667,237.766666666667,498.092857142857,622.453488372093,630.638095238095,569.93488372093,478.03023255814,731.73023255814,621.279069767442,665.16,694.445238095238,651.019047619048
2008,"CHOCO","PRECIP",478.843902439024,458.533333333333,384.99756097561,481.1,548.125641025641,543.497368421053,558.584210526316,567.320512820513,486.815384615385,573.653846153846,674.515384615385,631.89756097561
2009,"CHOCO","PRECIP",609.148780487805,455.965853658537,445.2,483.12380952381,446.095238095238,544.933333333333,632.678048780488,687.217073170732,516.360975609756,554.84358974359,492.234210526316,429.613157894737
2010,"CHOCO","PRECIP",270.833766233766,324.038961038961,541.205128205128,520.583333333333,590.938461538462,590.580769230769,618.673076923077,697.634615384615,566.788157894737,668.371428571429,896.588311688312,853.312987012987
2011,"CHOCO","PRECIP",575.997260273973,376.766666666667,456.619402985075,543.263076923077,701.434426229508,667.949180327869,658.52641509434,531.572727272727,521.109302325581,720.459459459459,715.224324324324,705.205263157895
2012,"CHOCO","PRECIP",595.468421052632,440.123684210526,494.513157894737,485.276315789474,661.081081081081,467.281081081081,481.697297297297,649.191891891892,487.194594594595,568.978378378378,695.768571428571,538.969444444444
2013,"CHOCO","PRECIP",299.425,496.166666666667,531.730555555556,517.036111111111,578.7,528.338888888889,622.888571428571,729.402941176471,509.936363636364,501.634285714286,484.288235294118,415.922857142857
2014,"CHOCO","PRECIP",429.744117647059,422.266129032258,454.407666666667,465.14275862069,556.752,607.173846153846,285.21,344.43,439.02,187.89,NA,348.63
2007,"CORDOBA","PRECIP",3.49333333333333,3.55192307692308,75.6759615384615,198.273333333333,225.307619047619,268.090476190476,201.453846153846,291.128155339806,226.816504854369,212.148571428571,82.926213592233,81.2457142857143
2008,"CORDOBA","PRECIP",18.8553398058252,35.6028571428571,40.1796116504854,102.140952380952,228.97619047619,213.498095238095,208.925242718447,228.83786407767,243.668316831683,240.499047619048,222.056310679612,28.9145631067961
2009,"CORDOBA","PRECIP",33.1095238095238,19.4336633663366,62.4,103.637373737374,180.211340206186,238.746391752577,245.79381443299,190.338947368421,188.293684210526,154.094318181818,85.8852631578947,26.3548387096774
2010,"CORDOBA","PRECIP",1.25796178343949,14.2605095541401,76.515923566879,128.205732484076,193.55935483871,230.609677419355,275.381290322581,255.345161290323,284.872549019608,181.964,204.709150326797,182.464189189189
2011,"CORDOBA","PRECIP",21.7761904761905,41.821686746988,103.932,136.42027027027,226.714864864865,258.111111111111,185.648529411765,217.622580645161,232.275806451613,149.303389830508,192.73,112.395
2012,"CORDOBA","PRECIP",10.1542372881356,12.7525423728814,55.856862745098,195.497916666667,214.216666666667,265.262222222222,212.351111111111,270.154761904762,217.989473684211,243.129411764706,126.735294117647,56.1625
2013,"CORDOBA","PRECIP",1.59285714285714,14.3923076923077,68.3846153846154,138.675,129.714285714286,149,161,319,183,195,NA,NA
2014,"CORDOBA","PRECIP",37.25,25.84,48.63,127.16,150.76,213.66,149.83,220.47,255.52,169.38,NA,74.36
2007,"CUNDINAMARCA","PRECIP",46.4283582089552,30.4910891089109,139.356852791878,211.629556650246,157.453535353535,138.616836734694,84.7585365853659,138.884422110553,77.0905,233.559701492537,131.539378238342,116.073096446701
2008,"CUNDINAMARCA","PRECIP",74.3849514563107,86.9471428571429,112.795673076923,129.444221105528,234.135922330097,165.515897435897,157.398429319372,155.28,106.494146341463,160.993367346939,205.664467005076,76.2054455445545
2009,"CUNDINAMARCA","PRECIP",82.332380952381,80.6633663366337,149.023383084577,143.389603960396,115.539086294416,140.662944162437,108.024875621891,105.573195876289,78.7451086956522,143.41914893617,102.365363128492,52.9131147540984
2010,"CUNDINAMARCA","PRECIP",17.4436046511628,53.7198198198198,84.7488372093023,218.89269005848,214.214857142857,146.809580838323,196.404105571848,96.1641337386018,105.82786377709,143.905214723926,218.773333333333,130.172875816993
2011,"CUNDINAMARCA","PRECIP",50.5561349693252,131.782580645161,186.23698630137,298.71654676259,218.027881040892,130.821632653061,119.270212765957,101.952112676056,110.366847826087,209.918390804598,242.076870748299,124.036363636364
2012,"CUNDINAMARCA","PRECIP",85.690990990991,66.4258928571429,171.950458715596,239.925688073394,148.071028037383,124.805607476636,170.439805825243,116.196116504854,77.548,167.079381443299,108.637894736842,84.7585106382979
2013,"CUNDINAMARCA","PRECIP",29.0601769911504,113.041228070175,116.667857142857,175.555454545455,228.557575757576,99.377,150.46976744186,148.123255813953,118.26,140.976470588235,213.159615384615,113
2014,"CUNDINAMARCA","PRECIP",63.9827777777778,137.13696969697,170.887857142857,188.45,177.83,155.11,109.84,88.83,132.13,293.08,NA,112.01
2007,"GUAINIA","PRECIP",36.7,30.6666666666667,248.75,273,452.5,568.833333333333,397.666666666667,394.4,323.866666666667,291,141,145.833333333333
2008,"GUAINIA","PRECIP",54.8,145.333333333333,70.8333333333333,291.3,434,553.833333333333,462.283333333333,322.116666666667,215.233333333333,259.7,274.583333333333,81.6666666666667
2009,"GUAINIA","PRECIP",221.683333333333,107.033333333333,171.55,170.366666666667,249.966666666667,380.816666666667,505.92,363.783333333333,294.916666666667,201.383333333333,142.95,123.866666666667
2010,"GUAINIA","PRECIP",40.6,125.2,180.683333333333,269.366666666667,441.8,493.833333333333,354,352.833333333333,227.4,164.983333333333,246.65,178.266666666667
2011,"GUAINIA","PRECIP",134,143.6,225.816666666667,189.783333333333,491.25,430,698.428571428571,304.55,294.4,245.666666666667,238.72,256.98
2012,"GUAINIA","PRECIP",68.4,98.46,263.75,363.4,404.4,293.8,432.4,392.5,246.466666666667,200.416666666667,193.266666666667,159.533333333333
2013,"GUAINIA","PRECIP",55.4166666666667,175.183333333333,189.883333333333,273.8,372.76,407.75,402,449.666666666667,433.1,161,107,112.5
2014,"GUAINIA","PRECIP",124.5475,102.9375,96.03,305.8,266.355,637.3,498.67,370.5,248.71,315.69,NA,188.15
2007,"GUAJIRA","PRECIP",0.924137931034483,0.825862068965517,45.6275862068966,94.3728813559322,131.587931034483,59.2322033898305,37.1864406779661,156.576271186441,135.633333333333,234.356896551724,129.063793103448,53.4931034482759
2008,"GUAJIRA","PRECIP",2.56491228070175,0.392982456140351,4.5280701754386,101.970175438596,55.7741379310345,29.9310344827586,47.4473684210526,113.8125,150.328070175439,249.513461538462,175.449019607843,39.6584905660377
2009,"GUAJIRA","PRECIP",25.8418181818182,11.4446428571429,8.89454545454545,2.33392857142857,86.7071428571429,73.3035714285714,16.925,27.9517857142857,64.4910714285714,104.848214285714,90.9618181818182,19.1527272727273
2010,"GUAJIRA","PRECIP",1.2954128440367,2.29417475728155,59.0357798165138,40.2660550458716,120.491509433962,92.7452830188679,135.129245283019,166.38623853211,254.68785046729,198.942574257426,321.022641509434,197.525
2011,"GUAJIRA","PRECIP",16.6403846153846,7.69708737864078,17.6116279069767,31.6578947368421,213.741818181818,91.5745098039216,62.456862745098,107.547058823529,152.458823529412,187.311764705882,231.1,102.71568627451
2012,"GUAJIRA","PRECIP",2.02156862745098,1.03921568627451,11.9901960784314,92.3882352941176,111.745098039216,30.4823529411765,15.1137254901961,57.5294117647059,71.8392156862745,233.642,52.938,15.596
2013,"GUAJIRA","PRECIP",1.566,2.21489361702128,14.0428571428571,15.588,85.9897959183673,42.7913043478261,18.8377777777778,51.14,185.7,130.211111111111,51.15,NA
2014,"GUAJIRA","PRECIP",25,25,27.73,35.48,51.46,28.42,25.13,84.4,97.51,239.16,NA,36.49
2007,"GUAVIARE","PRECIP",30.94,42.4,233.38,339.2,318.04,484.82,196.78,294.66,282.34,178.64,163.12,153.24
2008,"GUAVIARE","PRECIP",18.54,51.875,104.54,240.6,316.2,477.666666666667,406.62,211.34,211.98,321.9,257.633333333333,88.8333333333333
2009,"GUAVIARE","PRECIP",171.7,58.08,237.46,215.56,277.3,405.54,264.48,350.5,205.24,237.9,163.98,69
2010,"GUAVIARE","PRECIP",6.8,82.425,198.56,380.26,225.08,326.52,344.6,188.46,182.58,205.12,175.82,158.12
2011,"GUAVIARE","PRECIP",69.1,87.32,214.75,268.52,555.375,456.825,285.8,NA,NA,NA,NA,NA
2014,"GUAVIARE","PRECIP",47.51,77.35,136.32,435.39,334.27,484.56,357.58,339.54,247.71,144.32,NA,113.75
2007,"HUILA","PRECIP",55.0336283185841,46.1118181818182,160.853153153153,192.965486725664,159.766964285714,125.895614035088,55.1486725663717,69.9911504424779,45.4619469026549,257.536936936937,183.082142857143,197.30625
2008,"HUILA","PRECIP",102.929203539823,159.049557522124,191.766371681416,195.229203539823,202.978947368421,79.1873873873874,93.2972972972973,73.5315315315315,72.6973451327434,180.59009009009,290.904545454545,171.195535714286
2009,"HUILA","PRECIP",191.975892857143,179.573214285714,236.70625,150.503539823009,105.022123893805,84.1423423423423,79.7288288288288,67.6630630630631,50.3142857142857,170.064864864865,110.847321428571,84.4531531531532
2010,"HUILA","PRECIP",27.852036199095,95.2164383561644,76.3826484018265,221.061187214612,201.107239819005,118.538356164384,150.502272727273,32.4327272727273,76.9213636363636,177.285135135135,314.443636363636,192.650909090909
2011,"HUILA","PRECIP",91.8083720930233,191.825714285714,191.84882629108,330.089573459716,207.66862745098,122.255825242718,99.9445652173913,35.1209090909091,71.627358490566,185,338.984761904762,274.961320754717
2012,"HUILA","PRECIP",206.927358490566,107.529807692308,176.264423076923,207.909708737864,62.743137254902,54.3098039215686,65.6778846153846,58.004854368932,40.4910891089109,167.460784313725,171.91568627451,196.060396039604
2013,"HUILA","PRECIP",58.6414141414141,186.809900990099,100.546534653465,111.086,195.504301075269,81.8302083333333,99.6285714285714,89.8547368421053,73.2851063829787,109.595833333333,236.462365591398,137.997916666667
2014,"HUILA","PRECIP",103.723578947368,116.482903225806,209.1325,112.870340909091,190.603484848485,98.7627083333333,69.56,63.44,52.05,144.64,NA,266.03
2007,"MAGDALENA","PRECIP",0.900934579439252,8.97196261682243,55.7660194174757,179.731730769231,279.571153846154,129.296153846154,160.574285714286,319.09619047619,232.275961538462,385.365384615385,148.91619047619,63.1038095238095
2008,"MAGDALENA","PRECIP",10.407619047619,20.44,52.0692307692308,92.8971153846154,172.51320754717,147.509433962264,163.143396226415,277.396261682243,201.149514563107,272.742990654206,244.012380952381,34.2028037383178
2009,"MAGDALENA","PRECIP",32.2766990291262,24.7298969072165,58.5009803921569,77.2450980392157,138.946153846154,148.573076923077,101.657692307692,133.188461538462,95.3875,143.862264150943,123.371844660194,24.872380952381
2010,"MAGDALENA","PRECIP",1.70892857142857,9.82485207100592,108.511976047904,142.839880952381,185.105952380952,244.277380952381,347.665060240964,294.583333333333,351.015757575758,329.240490797546,389.149390243902,222.046625766871
2011,"MAGDALENA","PRECIP",12.9006493506494,32.4776978417266,86.5833333333333,118.718461538462,224.598484848485,203.878461538462,245.146774193548,177.532258064516,225.826229508197,430.956451612903,298.267741935484,112.106557377049
2012,"MAGDALENA","PRECIP",9.40327868852459,11.6590163934426,44.2566666666667,166.13,193.246551724138,137.058620689655,104.964516129032,221.377419354839,160.578333333333,288.213114754098,108.939285714286,32.8160714285714
2013,"MAGDALENA","PRECIP",1.48392857142857,12.8839285714286,85.9607142857143,81.1,186.284,117.848936170213,90.9408163265306,189.679545454545,198.909090909091,234.416279069767,99.82,NA
2014,"MAGDALENA","PRECIP",26.6,25.59,42.31,82.93,145.2,46.3,60.86,159.07,191.4,292.26,NA,64.26
2007,"META","PRECIP",10.6058823529412,19.4127272727273,267.757142857143,451.296363636364,483.087272727273,552.72641509434,259.333333333333,308.147368421053,283.798214285714,316.736842105263,219.558620689655,94.2854545454545
2008,"META","PRECIP",25.1157894736842,40.0350877192982,64.5090909090909,300.974545454545,512.081818181818,467.169230769231,408.367272727273,282.490909090909,317.031481481481,371.768,377.625,125.39375
2009,"META","PRECIP",113.654716981132,51.4076923076923,248.277777777778,382.816981132075,385.943396226415,515.863636363636,421.314545454545,381.310909090909,258.510909090909,299.932727272727,167.285454545455,57.3714285714286
2010,"META","PRECIP",3.41294117647059,136.21098265896,324.954913294798,578.593529411765,387.873652694611,523.934131736527,419.871764705882,243.471856287425,253.887425149701,338.094011976048,366.126627218935,227.280838323353
2011,"META","PRECIP",60.0535294117647,93.2964705882353,180.214880952381,525.433928571429,556.588679245283,425.826451612903,310.912258064516,262.505925925926,330.93359375,341.72523364486,377.064285714286,241.50253164557
2012,"META","PRECIP",21.6253968253968,99.7160714285714,436.072222222222,398.938888888889,433.723076923077,363.303571428571,409.498214285714,326.466666666667,230.291379310345,332.21724137931,246.194642857143,212.108771929825
2013,"META","PRECIP",5.63448275862069,102.282456140351,272.033333333333,462.3,580.163636363636,381.625,421.069642857143,310.912727272727,320.778571428571,319.592592592593,372.314545454545,125.68125
2014,"META","PRECIP",21.7125531914894,75.4166,161.406551724138,499.4365,444.731666666667,534.1,318.26,249,232.75,372.66,NA,96.49
2007,"NARINYO","PRECIP",165.86,78.75,248.562068965517,283.806896551724,331.535,208.22,129.36,140.934482758621,69.34,255.844827586207,204.024137931034,282.11724137931
2008,"NARINYO","PRECIP",314.033333333333,224.981034482759,237.724561403509,256.26724137931,265.496551724138,214.845762711864,169.850877192982,189.712280701754,119.714035087719,238.805084745763,164.769491525424,217.316949152542
2009,"NARINYO","PRECIP",269.340677966102,199.918644067797,216.891803278689,161.596721311475,142.110526315789,112.993333333333,108.575,135.526666666667,59.715,146.181967213115,162.54262295082,222.877049180328
2010,"NARINYO","PRECIP",106.237222222222,185.066120218579,146.014207650273,282.555191256831,202.149180327869,204.820765027322,204.475409836066,84.3207650273224,146.299453551913,177.758988764045,351.838857142857,295.181460674157
2011,"NARINYO","PRECIP",184.035570469799,233.172619047619,188.553289473684,275.295945945946,155.214473684211,135.322,182.541891891892,82.313698630137,91.7537313432836,209.898550724638,150.110204081633,218.129752066116
2012,"NARINYO","PRECIP",312.980952380952,192.413559322034,174.585714285714,251.690740740741,204.476363636364,132.952727272727,91.1833333333333,53.4717391304348,43.4666666666667,175.048214285714,207.632075471698,144.539622641509
2013,"NARINYO","PRECIP",154.283928571429,215.121153846154,194.151020408163,275.008571428571,294.12037037037,93.1574074074074,110.528846153846,107.383333333333,68.308,173.597916666667,150.208510638298,162.995348837209
2014,"NARINYO","PRECIP",208.542708333333,132.14756097561,231.816511627907,150.988974358974,262.068636363636,125.135384615385,129.42,168.96,193.42,247.37,NA,334.99
2007,"NORTE SANTANDER","PRECIP",62.1739726027397,29.8506849315068,146.574666666667,184.726666666667,224.021052631579,134.875675675676,133.525333333333,289.164864864865,184.153333333333,338.393333333333,198.2,149
2008,"NORTE SANTANDER","PRECIP",61.4671232876712,80.195945945946,75.5081081081081,164.727027027027,241.869333333333,150.967142857143,172.923943661972,249.177464788732,188.259154929577,311.3,323.54,176.542647058824
2009,"NORTE SANTANDER","PRECIP",109.50303030303,132.2328125,213.298529411765,139.871641791045,196.461764705882,150.436231884058,137.691428571429,159.969565217391,120.398507462687,191.513043478261,163.384375,50.2846153846154
2010,"NORTE SANTANDER","PRECIP",12.8421428571429,52.4463768115942,128.703571428571,225.298591549296,254.030215827338,186.20985915493,260.954676258993,221.494890510949,426.15671641791,233.383703703704,397.633834586466,283.924615384615
2011,"NORTE SANTANDER","PRECIP",104.35,127.271538461538,177.893798449612,356.162857142857,304.310638297872,205.724705882353,139.590476190476,170.526582278481,180.691666666667,181.935,337.03220338983,239.106896551724
2012,"NORTE SANTANDER","PRECIP",100.94375,40.1953846153846,172.771428571429,329.51,175.847540983607,111.680327868852,130.533870967742,182.034426229508,156.941666666667,270.461290322581,169.401639344262,79.6698412698413
2013,"NORTE SANTANDER","PRECIP",32.7516129032258,67.0296875,117.148333333333,165.84,233.998360655738,122.823636363636,101.749122807018,214.954716981132,161.091666666667,172.239473684211,171.623529411765,68.4111111111111
2014,"NORTE SANTANDER","PRECIP",28.575,38.43,66.595,92.005,123.28,57.36,72.71,126.64,194.75,233.62,NA,69.29
2007,"PUTUMAYO","PRECIP",188.383333333333,59.348275862069,334.866666666667,349.273333333333,370.043333333333,517.827586206897,318.325,332.221428571429,281.951724137931,301.46,309.606666666667,322.720689655172
2008,"PUTUMAYO","PRECIP",239.556666666667,298.746666666667,202.48275862069,263.728571428571,372.32962962963,426.421428571429,389.721428571429,226.986206896552,280.134482758621,306.08275862069,279.2,201.228571428571
2009,"PUTUMAYO","PRECIP",300.431034482759,281.448275862069,350.125,356.532142857143,339.125,436.807142857143,420.789655172414,306.786206896552,221.444827586207,220.862068965517,246.567857142857,217.955555555556
2010,"PUTUMAYO","PRECIP",89.7896551724138,239.744827586207,342.520689655172,471.631034482759,238.382456140351,363.531034482759,289.827586206897,166.431034482759,176.482456140351,214.785964912281,229.267857142857,191.635185185185
2011,"PUTUMAYO","PRECIP",159.581132075472,156.125454545455,274.58679245283,360.701923076923,425.761538461538,383.26,397.878723404255,204.16976744186,264.461538461538,209.689655172414,234.637931034483,365.251724137931
2012,"PUTUMAYO","PRECIP",232.089285714286,295.738461538462,521.004,339.917391304348,332.936,354.541666666667,480.869565217391,291.6,175.230434782609,234.490909090909,205.157142857143,286.83
2013,"PUTUMAYO","PRECIP",138.777272727273,324.931818181818,336.977272727273,280.853846153846,455.045454545455,385.695454545455,513.142857142857,408.315789473684,253.033333333333,264.555,216.735294117647,183.933333333333
2014,"PUTUMAYO","PRECIP",173.594375,155.793846153846,240.615833333333,385.33875,427.825,487.521666666667,461.56,247.66,217.37,289.49,NA,218.31
2007,"QUINDIO","PRECIP",89.8666666666667,96.8666666666667,167.533333333333,278.8,259.866666666667,94.5666666666667,117.133333333333,107.366666666667,110.133333333333,419.933333333333,342.066666666667,430.7
2008,"QUINDIO","PRECIP",214.9,245.733333333333,306.033333333333,215.2,408.633333333333,169.433333333333,93,159.533333333333,138,205.9,571,256.433333333333
2009,"QUINDIO","PRECIP",143.266666666667,170.466666666667,248.333333333333,172.433333333333,189.666666666667,142.766666666667,30.5333333333333,46.9666666666667,44.4666666666667,165.666666666667,224.8,144
2010,"QUINDIO","PRECIP",11.8333333333333,59.4666666666667,72.5666666666667,412.6,277.466666666667,176.266666666667,316.666666666667,120.733333333333,193.533333333333,407.966666666667,651.166666666667,387.433333333333
2011,"QUINDIO","PRECIP",121.1,321.233333333333,252.866666666667,521.266666666667,194.266666666667,178.466666666667,163.333333333333,74.9666666666667,178.733333333333,495.433333333333,649.4,448.9
2012,"QUINDIO","PRECIP",275.133333333333,107.133333333333,179.266666666667,400.766666666667,209.133333333333,82.7333333333333,75.3333333333333,68.1,34.2,412.766666666667,255.1,231.5
2013,"QUINDIO","PRECIP",70.1666666666667,296,226.1,208.033333333333,353.466666666667,45.6333333333333,22.7,71.3666666666667,73,322.9,534.666666666667,289.633333333333
2014,"QUINDIO","PRECIP",175.555,184.9575,271.705,193.305,261.8475,77.41,25.22,30.76,142.43,294.29,NA,172.74
2007,"RISARALDA","PRECIP",133.990476190476,53.225,298.33,327.271428571429,309.635,127.7,197.81,198.74,144.342105263158,352.457894736842,229.233333333333,255.052380952381
2008,"RISARALDA","PRECIP",142.385714285714,206.268181818182,229.252380952381,225.085714285714,344.042857142857,251.568181818182,229.304545454545,297.336363636364,168.514285714286,243.259090909091,406.363636363636,230.968181818182
2009,"RISARALDA","PRECIP",200.863636363636,158.054545454545,253.986363636364,221.359090909091,235.254545454545,229.172727272727,96.9090909090909,189.990909090909,97.65,210.072727272727,239.627272727273,133.261904761905
2010,"RISARALDA","PRECIP",46.13,129.255,135.995238095238,272.6,295.028571428571,275.685714285714,343.24,210.514285714286,265.614285714286,285.147619047619,440.607317073171,292.815
2011,"RISARALDA","PRECIP",154.07,257.605,245.029268292683,419.302631578947,212.965789473684,215.052777777778,230.434210526316,130.94358974359,164.852777777778,403.425,431.685,324.989473684211
2012,"RISARALDA","PRECIP",215.895,125.195,223.29,300.305,204.794736842105,90.1157894736842,77.8142857142857,136.9,73.12,280.309523809524,250.914285714286,153.35
2013,"RISARALDA","PRECIP",54.8619047619048,246.614285714286,209.975,218.72,348.075,158.975,91.3421052631579,195.645,178.47619047619,234.366666666667,260.953333333333,247.691666666667
2014,"RISARALDA","PRECIP",157.393333333333,164.809230769231,190.092307692308,221.55,236.005384615385,103.94,34.39,74.85,170.36,301.14,NA,161.95
2007,"SAN ANDRES Y PR","PRECIP",55.5285714285714,11.0285714285714,25.5285714285714,15.7166666666667,111.942857142857,236.114285714286,143.9,283.466666666667,171.966666666667,312.883333333333,332.457142857143,108.733333333333
2008,"SAN ANDRES Y PR","PRECIP",127.633333333333,37.48,13.1166666666667,34.35,273.35,141.057142857143,211.542857142857,166.957142857143,175.014285714286,459.05,499.614285714286,129.242857142857
2009,"SAN ANDRES Y PR","PRECIP",25.25,58.825,24.7714285714286,7.45714285714286,7.37142857142857,198.8,123.466666666667,158.057142857143,265.314285714286,387.442857142857,227.542857142857,43.0714285714286
2010,"SAN ANDRES Y PR","PRECIP",158.328571428571,9.44285714285714,5.1,19.1428571428571,126.757142857143,182.385714285714,386.4,364.957142857143,191.885714285714,496.445454545455,280.718181818182,45.1909090909091
2011,"SAN ANDRES Y PR","PRECIP",112.269230769231,42.1384615384615,20.3153846153846,7.38461538461538,119.784615384615,275.938461538462,234.776923076923,89.0875,149.685714285714,566.2,374.485714285714,278.671428571429
2012,"SAN ANDRES Y PR","PRECIP",131.3,26.86,12.8666666666667,62.1833333333333,95.85,76.1166666666667,126.2,167.34,189.58,188.2,324.425,57.125
2013,"SAN ANDRES Y PR","PRECIP",36.35,15.3666666666667,21.4833333333333,18.6666666666667,48.15,108.55,36.18,164.766666666667,314.883333333333,293.666666666667,174.5,95.4
2014,"SAN ANDRES Y PR","PRECIP",97.5,NA,NA,NA,NA,NA,NA,NA,NA,NA,NA,NA
2007,"SANTANDER","PRECIP",60.6068702290076,39.6807692307692,235.949618320611,260.627480916031,287.7,135.970634920635,157.421428571429,247.8768,189.2552,345.245238095238,163.934351145038,134.695454545455
2008,"SANTANDER","PRECIP",69.96015625,118.448091603053,177.523308270677,198.687786259542,313.248091603053,189.496212121212,205.637096774194,251.7125,216.551181102362,290.456153846154,345.013385826772,63.632
2009,"SANTANDER","PRECIP",113.767938931298,100.892366412214,258.338345864662,191.500746268657,205.047014925373,227.398484848485,109.267424242424,207.959848484848,117.82578125,262.12619047619,177.578225806452,90.2173553719008
2010,"SANTANDER","PRECIP",21.4639130434783,78.7541125541126,150.690434782609,211.709012875536,316.817596566524,251.02974137931,283.832203389831,253.710212765957,336.681974248927,286.541592920354,335.707692307692,205.739366515837
2011,"SANTANDER","PRECIP",57.3857777777778,120.781165919283,208.821634615385,377.34472361809,289.801863354037,187.412413793103,178.309489051095,182.481147540984,156.011538461538,312.905434782609,315.870588235294,203.263855421687
2012,"SANTANDER","PRECIP",72.5929292929293,47.45,192.762376237624,330.586274509804,194.835643564356,136.052475247525,121.337254901961,179.246,137.551041666667,276.011458333333,150.469791666667,78.1873684210526
2013,"SANTANDER","PRECIP",33.4448979591837,145.514141414141,167.668686868687,209.776288659794,271.675257731959,134.50206185567,83.8571428571429,210.024719101124,185.122093023256,186.273529411765,199.014285714286,39.65
2014,"SANTANDER","PRECIP",48.4883333333333,157.111666666667,110.431666666667,129.84,150.116666666667,84.49,81.5,168.59,221.87,208.18,NA,89.02
2007,"SUCRE","PRECIP",2.27,12.7125,40.5666666666667,142.936585365854,233,232.570731707317,197.7675,290.782051282051,184.99,269.3825,137.0425,112.265853658537
2008,"SUCRE","PRECIP",11.7425,27.3425,58.2358974358974,101.04,184.048780487805,202.3575,326.134146341463,293.519512195122,212.90487804878,189.436585365854,237.280487804878,33.89
2009,"SUCRE","PRECIP",31.5230769230769,15.1,65.885,119.336842105263,167.980555555556,172.876470588235,175.705714285714,219.677142857143,159.22,176.852777777778,137.765789473684,32.527027027027
2010,"SUCRE","PRECIP",2.49873417721519,31.7113924050633,79.1871794871795,120.053164556962,198.273417721519,252.862820512821,358.11125,315.567088607595,332.184810126582,292.988311688312,339.28051948052,203.392307692308
2011,"SUCRE","PRECIP",45.0325581395349,52.5772727272727,95.0309523809524,215.595238095238,231.860975609756,287.695,218.335714285714,235.290476190476,284.558974358974,274.641025641026,289.151282051282,163.710256410256
2012,"SUCRE","PRECIP",18.1131578947368,13.4526315789474,35.0815789473684,169.927272727273,204.378787878788,148.875757575758,175.412121212121,279.387878787879,170.028125,216.293333333333,102.41875,30.075
2013,"SUCRE","PRECIP",3.90625,27.10625,74.3375,97.55625,277.354545454545,234.15,173.275,432.6,299.5,294.6,397,148
2014,"SUCRE","PRECIP",12.91,32.52,76.97,112.935,213.19,201.35,76.42,215.84,191.28,187.02,NA,42.82
2007,"TOLIMA","PRECIP",111.419642857143,35.2189189189189,213.677678571429,326.188181818182,253.616363636364,83.4422018348624,116.398165137615,118.007407407407,66.6336538461538,345.580555555556,202.692452830189,210.14
2008,"TOLIMA","PRECIP",133.604464285714,181.377477477477,192.155140186916,246.543925233645,316.346296296296,125.110185185185,125.805504587156,221.685981308411,146.885981308411,235.472815533981,355.18640776699,146.117307692308
2009,"TOLIMA","PRECIP",212.621153846154,139.776,290.670707070707,197.649504950495,145.317,121.152525252525,40.0171717171717,84.319801980198,75.7295918367347,174.004081632653,174.782978723404,120.460606060606
2010,"TOLIMA","PRECIP",42.423717948718,101.720512820513,125.180536912752,365.857823129252,234.954304635762,166.182352941176,241.66038961039,72.8188679245283,175.921739130435,214.5,337.987857142857,196.408695652174
2011,"TOLIMA","PRECIP",91.0275,191.049242424242,231.687387387387,410.443518518519,206.639449541284,126.935849056604,87.6794117647059,73.995,108.440816326531,252.281443298969,335.323469387755,263.424
2012,"TOLIMA","PRECIP",178.790625,129.326041666667,170.596907216495,275.484693877551,128.469879518072,43.2945205479452,42.8784615384615,56.9507246376812,45.5840579710145,226.494285714286,155.738571428571,118.564285714286
2013,"TOLIMA","PRECIP",83.5209302325581,190.303614457831,164.923684210526,172.6425,269.3775,83.0213333333333,47.5953125,93.3918367346939,75.5692307692308,110,239.908333333333,171.890909090909
2014,"TOLIMA","PRECIP",123.795714285714,96.70875,127.66,100.4125,194.61,64.91,30.54,37.66,138.93,252.32,NA,159.77
2007,"VALLE","PRECIP",128.508823529412,55.4909090909091,191.308955223881,272.223880597015,249.823880597015,115.383823529412,159.685714285714,188.904615384615,179.446376811594,322.792857142857,214.825,240.466176470588
2008,"VALLE","PRECIP",156.776470588235,154.540579710145,167.592857142857,212.049275362319,239.442647058824,165.385294117647,148.673913043478,200.068115942029,160.105882352941,231.468115942029,257.194202898551,181.852173913043
2009,"VALLE","PRECIP",159.742647058824,125.585714285714,206.523188405797,155.211594202899,191.020588235294,184.544285714286,102.06,145.372857142857,117.685294117647,214.732352941176,189.619696969697,166.664179104478
2010,"VALLE","PRECIP",56.6840659340659,100.424456521739,115.144808743169,257.720540540541,211.567379679144,163.184239130435,230.39027027027,137.265555555556,204.429347826087,284.078571428571,404.01693989071,254.453631284916
2011,"VALLE","PRECIP",102.134444444444,189.745294117647,170.835971223022,323.401612903226,169.099137931034,138.48125,156.013888888889,100.467543859649,167.716822429907,319.961643835616,323.884057971014,267.023188405797
2012,"VALLE","PRECIP",193.222388059702,112.842424242424,185.709090909091,247.524193548387,149.093103448276,122.785,109.491935483871,139.912698412698,105.436507936508,270.847619047619,202.17868852459,148.118032786885
2013,"VALLE","PRECIP",61.0295081967213,165.416393442623,166.745161290323,178.977049180328,280.993548387097,97.2822580645161,97.4564516129032,160.433333333333,172.511111111111,191.669491525424,180.720689655172,188.192857142857
2014,"VALLE","PRECIP",97.5243859649123,121.149215686275,150.640384615385,165.418163265306,167.509375,80.635,76.3,121.81,146.45,331.16,NA,121.85
2007,"VAUPES","PRECIP",227.555555555556,79.5555555555556,362.522222222222,355.411111111111,371.722222222222,442.1,401.911111111111,322.766666666667,262.255555555556,279.522222222222,233.133333333333,247.266666666667
2008,"VAUPES","PRECIP",294.522222222222,206.655555555556,251.111111111111,249.222222222222,371.322222222222,385.766666666667,321.875,238.344444444444,221.977777777778,307.477777777778,156,163.7
2009,"VAUPES","PRECIP",302.211111111111,264.466666666667,260.211111111111,409.111111111111,390.625,435.333333333333,365,315.111111111111,261.111111111111,224.4625,211.444444444444,167.666666666667
2010,"VAUPES","PRECIP",110.444444444444,205.222222222222,264.444444444444,394.222222222222,393.344444444444,427.9,261.166666666667,243.733333333333,173.811111111111,196.466666666667,247.488888888889,220.155555555556
2011,"VAUPES","PRECIP",172.888888888889,203.888888888889,300.666666666667,312.122222222222,399.266666666667,389.788235294118,347.5,261.422222222222,288.611111111111,252.422222222222,254.888888888889,354.911111111111
2012,"VAUPES","PRECIP",216.122222222222,298.1125,424.428571428571,343.571428571429,439.655555555556,338.855555555556,321.3,288.788888888889,229.933333333333,291.744444444444,306.055555555556,271.8
2013,"VAUPES","PRECIP",202.555555555556,250.533333333333,339.7,326.344444444444,489.122222222222,404.333333333333,325,317,266,244.571428571429,323,293.8
2014,"VAUPES","PRECIP",200.98,268.43,140.03,359.08,385.67,515.59,422.12,347.7,206.81,303.47,NA,247.19
2007,"VICHADA","PRECIP",22.05,12.1,91.69,220.44,386.915,472.175,361.283333333333,385.589473684211,289.984210526316,245.095,131.94,94.4631578947368
2008,"VICHADA","PRECIP",18.5526315789474,30.515,39.795,136.711111111111,397.226315789474,405.388235294118,380.7,255.025,293.1,212.658333333333,195.666666666667,63
2009,"VICHADA","PRECIP",83.2473684210526,32.9052631578947,90.6944444444444,184.263157894737,189.022222222222,431.205882352941,481.883333333333,280.031578947368,244.978947368421,230.015,92.43,24.2666666666667
2010,"VICHADA","PRECIP",12.9105263157895,67.0166666666667,113.427777777778,315.763888888889,416.194736842105,404.270588235294,409.527777777778,306.575,249.46,192.5225,224.478947368421,92.7684210526316
2011,"VICHADA","PRECIP",49.475,58.6631578947368,92.8878787878788,305.205555555556,477.622857142857,442.690909090909,404.019047619048,302.585,264.07,226.885,201.226315789474,119.352631578947
2012,"VICHADA","PRECIP",31.0210526315789,46.2166666666667,171.505555555556,336.347368421053,371.363157894737,312.373684210526,440.268421052632,295.252631578947,260.931578947368,201.205263157895,86.8473684210526,59.945
2013,"VICHADA","PRECIP",12.0947368421053,34.4157894736842,117.447368421053,174.7,332.421052631579,395.326315789474,320.04,366.088888888889,226.877777777778,184.88125,118.072222222222,58.9823529411765
2014,"VICHADA","PRECIP",10.0605882352941,22.3677777777778,37.1793333333333,240.550714285714,210.43,529.24,418.3,278.65,258.67,258.67,NA,90.94
2007,"AMAZONAS","TEMP",25.9,27.1333333333333,25.8666666666667,26.1,25.65,25.4,25.5,25.8666666666667,26,26.45,25.8333333333333,25.7
2008,"AMAZONAS","TEMP",25.5666666666667,25.5,25.3666666666667,25.8,25.15,25.2,26.5,26.35,26.0666666666667,26.0666666666667,25.6666666666667,25.2333333333333
2009,"AMAZONAS","TEMP",25.05,25.55,26,26.2,26.2,25.5,25.9,26.6,27.4,27,26.85,26.1
2010,"AMAZONAS","TEMP",26.1,26.82,27.08,26.85,26.5,26.15,25.14,26.46,27.22,26.98,26.34,26.26
2011,"AMAZONAS","TEMP",26.2,26.0333333333333,25.9,26.1333333333333,26.2,26.15,25.8666666666667,26.1666666666667,26.9,27.15,27.05,26.4
2012,"AMAZONAS","TEMP",26.4,26.15,26.25,26,26.4,25.95,25.3,26.3,26.6,26.8,27.2,26.2
2013,"AMAZONAS","TEMP",26.3,25.9,26.7,26.7,26.2,26,25.3,25.4,NA,NA,NA,NA
2007,"ANTIOQUIA","TEMP",22.9450980392157,22.842,22.6607843137255,22.6117647058824,22.354,22.7607843137255,22.594,22.176,22.42,21.776,22.012,21.263829787234
2008,"ANTIOQUIA","TEMP",21.4936170212766,21.5255319148936,21.5,21.9021276595745,21.7404255319149,21.963829787234,21.595652173913,21.6106382978723,21.8760869565217,21.6354166666667,21.5326086956522,21.6021276595745
2009,"ANTIOQUIA","TEMP",21.6622222222222,21.7590909090909,21.7282608695652,22.1022222222222,22.1434782608696,21.7255813953488,22.928,22.8020833333333,23.0617021276596,22.39375,22.3042553191489,22.4979166666667
2010,"ANTIOQUIA","TEMP",22.7159574468085,23.3557894736842,23.4164948453608,22.8835051546392,22.7896907216495,22.3666666666667,21.6697916666667,22.1030303030303,21.5292929292929,21.6177083333333,21.1909090909091,21.1636363636364
2011,"ANTIOQUIA","TEMP",21.5372340425532,21.5715789473684,21.4555555555556,21.3802325581395,22.3739726027397,22.4130434782609,22.295,22.1078431372549,22.0636363636364,21.1282051282051,21.1487179487179,21.3162162162162
2012,"ANTIOQUIA","TEMP",21.4194444444444,22.1307692307692,22.2447368421053,21.8324324324324,22.1666666666667,22.2842105263158,22.3947368421053,22.2410256410256,22.5205128205128,21.6777777777778,22.0771428571429,21.9076923076923
2013,"ANTIOQUIA","TEMP",22.327027027027,22.0289473684211,22.4684210526316,22.4289473684211,21.7657894736842,22.3894736842105,21.9666666666667,21.8457142857143,22.1615384615385,21.8277777777778,21.5222222222222,21.5171428571429
2014,"ANTIOQUIA","TEMP",22.0147058823529,22.3193548387097,22.4333333333333,22.7047619047619,22.3333333333333,22.0125,NA,NA,NA,NA,NA,NA
2007,"ARAUCA","TEMP",26.6333333333333,27.4333333333333,27.1666666666667,26.7666666666667,26.0666666666667,25.4333333333333,25.3333333333333,25.4666666666667,25.5333333333333,25.7333333333333,26.1,25.9
2008,"ARAUCA","TEMP",26,26.3666666666667,26.7,26.3666666666667,25.4333333333333,25.0333333333333,24.7333333333333,25.0333333333333,25.1666666666667,26,26,25.9666666666667
2009,"ARAUCA","TEMP",26.0666666666667,26.4666666666667,26.2666666666667,26.2666666666667,26.3666666666667,25.6,25.3333333333333,25.8,26.2,26.2666666666667,27.4,27.25
2010,"ARAUCA","TEMP",26.9333333333333,28.6666666666667,28.0333333333333,26.7666666666667,26.4333333333333,25.9666666666667,25.7666666666667,25.9333333333333,26.4,26.7,26.2,26.2666666666667
2011,"ARAUCA","TEMP",26.2333333333333,27.4,26.1333333333333,26.0333333333333,25.9333333333333,25.75,26.28,26.4428571428571,26.4285714285714,26.4,26.5,26.65
2012,"ARAUCA","TEMP",26.8,27.15,26.85,26.6,26.35,26.4,26.2,26.3,26.45,26.75,27.2,27.1
2013,"ARAUCA","TEMP",27.35,27.8,28.5,27.4,26.75,26.1,25.4,25.6,26.3,26.7,26.7,26.7
2014,"ARAUCA","TEMP",27.3,28.6,29.9,27.4,27.1,25.7,NA,NA,NA,NA,NA,NA
2007,"ATLANTICO","TEMP",27.55,28.1,28.45,28.5,27.925,28.525,28.45,27.7,28,27,27.85,27.5
2008,"ATLANTICO","TEMP",27.1,27.14,27.525,28.02,28.34,28.62,28.18,27.68,27.76,27.45,27.3333333333333,27.34
2009,"ATLANTICO","TEMP",27.2,27.34,27.32,28.16,28.2,28.62,28.9,28.84,29.02,28.36,28.38,28.46
2010,"ATLANTICO","TEMP",28.02,28.3666666666667,28.98,28.9066666666667,28.82,28.24,27.9,28.0066666666667,27.8,27.8266666666667,27.1933333333333,27.34
2011,"ATLANTICO","TEMP",27.5615384615385,27.3461538461538,27.4,28.0545454545455,28.1090909090909,28.3333333333333,28.1,27.95,27.86,27.04,27.3,27.35
2012,"ATLANTICO","TEMP",27.15,27.1,27.525,28.0666666666667,28.8666666666667,28.7666666666667,28.45,28.6,28.9,28.1,28.6,28.5
2013,"ATLANTICO","TEMP",26.55,26.9,27.65,28.15,28.25,28.45,28.55,27.9,27.9,28,27.85,27.25
2014,"ATLANTICO","TEMP",26.6,26.2,26.5,NA,NA,NA,NA,NA,NA,NA,NA,NA
2007,"BOGOTA","TEMP",12.95,14.1,14.4,14.625,14.75,14.66,13.325,13.075,14.6666666666667,14.4333333333333,14.5,13.8
2008,"BOGOTA","TEMP",13.48,14.25,14,14,14,14.1,13.58,13.6285714285714,13.3125,13.57,13.4875,12.88
2009,"BOGOTA","TEMP",13.2285714285714,13.7111111111111,13.5555555555556,13.71,13.54,13.6142857142857,13.2285714285714,13.747619047619,14.1894736842105,14.1315789473684,13.6684210526316,13.8526315789474
2010,"BOGOTA","TEMP",13.88,15.1588235294118,14.8076923076923,14.58,14.68,14.2,13.9,13.81,13.6222222222222,13.9,13.725,13.5125
2011,"BOGOTA","TEMP",13.9,14.0375,14.25,14.84,15.45,15.45,14.925,15.2,14.9666666666667,14.7333333333333,NA,NA
2007,"BOLIVAR","TEMP",27.4666666666667,27.7083333333333,27.6,27.3416666666667,27.0333333333333,27.6833333333333,27.5916666666667,26.95,27.05,26.375,26.9416666666667,26.7454545454545
2008,"BOLIVAR","TEMP",26.7916666666667,27,27.0090909090909,27.3666666666667,27.1833333333333,27.5416666666667,27.1416666666667,26.975,27.1083333333333,26.875,26.4333333333333,26.725
2009,"BOLIVAR","TEMP",26.62,27.1818181818182,26.9,27.4636363636364,27.5416666666667,27.3916666666667,28.0909090909091,27.9083333333333,28.1333333333333,27.275,27.3833333333333,27.7
2010,"BOLIVAR","TEMP",27.7485714285714,28.2514285714286,28.44,28.2257142857143,28.0636363636364,27.5909090909091,27.14,27.1257142857143,26.8285714285714,26.8818181818182,26.025,26.551724137931
2011,"BOLIVAR","TEMP",27.0424242424242,26.9823529411765,26.6375,26.8266666666667,27.55,27.9181818181818,27.7428571428571,27.7368421052632,27.5631578947368,26.6421052631579,26.8125,26.6357142857143
2012,"BOLIVAR","TEMP",26.9714285714286,27.2857142857143,28.05,27.3214285714286,27.62,28.1181818181818,27.94,27.5727272727273,27.575,26.2333333333333,26.76,26.2
2013,"BOLIVAR","TEMP",26.55,26.5,26.375,26.425,25.1333333333333,25.8,26.2,25.4666666666667,25.2,NA,NA,NA
2007,"BOYACA","TEMP",15.5227272727273,15.5590909090909,15.5181818181818,15.525,15.3046511627907,14.8590909090909,14.925,14.55,14.7545454545455,14.8863636363636,15.0909090909091,15.2571428571429
2008,"BOYACA","TEMP",14.9636363636364,15.1,15.2068181818182,15.4238095238095,15.025,14.8704545454545,14.5363636363636,14.6568181818182,14.8295454545455,14.9545454545455,15.1522727272727,15.1690476190476
2009,"BOYACA","TEMP",14.7627906976744,14.7837209302326,14.7790697674419,15.4386363636364,15.2727272727273,15.1204545454545,14.9568181818182,15.2840909090909,15.3697674418605,15.3095238095238,15.6475,15.8382352941176
2010,"BOYACA","TEMP",15.9293333333333,16.7371794871795,16.461038961039,16.0220779220779,15.8858974358974,15.3013157894737,14.9460526315789,14.7287671232877,14.7929577464789,15.0815384615385,15.1428571428571,15.2
2011,"BOYACA","TEMP",15.2391304347826,15.0613636363636,14.7127659574468,15.0425531914894,15.1363636363636,15.1090909090909,14.7022727272727,14.8340909090909,14.79,15.1951219512195,15.3314285714286,15.4685714285714
2012,"BOYACA","TEMP",15.5742857142857,15.75,15.6606060606061,15.3970588235294,15.465625,15.4939393939394,15.41875,14.98,15.4137931034483,15.45,15.503125,15.241935483871
2013,"BOYACA","TEMP",15.7612903225806,15.6666666666667,15.462962962963,15.2464285714286,15.3818181818182,14.6294117647059,13.6125,14,15.4,15.3,15.3,14.9
2014,"BOYACA","TEMP",13.6,NA,NA,NA,NA,NA,NA,NA,NA,NA,NA,NA
2007,"CALDAS","TEMP",15.3,15.3428571428571,14.7571428571429,14.8142857142857,14.6857142857143,14.9,14.8833333333333,14.3142857142857,14.7714285714286,13.8857142857143,14.3,13.7571428571429
2008,"CALDAS","TEMP",13.6833333333333,13.6,13.4666666666667,13.9833333333333,13.9166666666667,14.15,13.9666666666667,12.74,14.2,13.8666666666667,13.8333333333333,13.8833333333333
2009,"CALDAS","TEMP",13.5,14.4428571428571,14.1833333333333,14.6,14.55,14.5,15,14.8666666666667,15.3166666666667,14.3666666666667,14.3333333333333,14.9714285714286
2010,"CALDAS","TEMP",15,15.6307692307692,15.6076923076923,16.6363636363636,15.8916666666667,15.65,15.1545454545455,14.9454545454545,15.52,14.7454545454545,13.8909090909091,14.0636363636364
2011,"CALDAS","TEMP",14.4,14.4181818181818,13.9555555555556,14.36,15.4333333333333,16.8,14.9857142857143,14.8166666666667,14.5666666666667,15.4,13.6333333333333,13.9833333333333
2012,"CALDAS","TEMP",13.9166666666667,14,14.6833333333333,14.1833333333333,14.8,16.225,16.425,16.225,14,13.34,12.85,15.975
2013,"CALDAS","TEMP",17.32,14.4833333333333,14.32,14.2,12.85,14.1666666666667,13.22,13.1,11.95,11.8,13.04,13.46
2014,"CALDAS","TEMP",13.42,13.56,13.66,14.12,11.2,NA,NA,NA,NA,NA,NA,NA
2007,"CAQUETA","TEMP",27.34,27.9666666666667,25.6333333333333,25.64,25.2333333333333,24.39,25.47,25.13,25.84,25.88,26.16,26.6875
2008,"CAQUETA","TEMP",27.0444444444444,26.2,25.85,25.9,24.9272727272727,24.6636363636364,24.7727272727273,25.9,25.58,25.73,26.0111111111111,26.66
2009,"CAQUETA","TEMP",26.04,26.4333333333333,25.8363636363636,25.5363636363636,25.6909090909091,25.13,25.09,25.5909090909091,26.1818181818182,26.4,26.7909090909091,27.1272727272727
2010,"CAQUETA","TEMP",27.3318181818182,26.75,26.6590909090909,26.0727272727273,25.9045454545455,25.0772727272727,24.7818181818182,25.4181818181818,26.1055555555556,26.41,26.1,25.94
2011,"CAQUETA","TEMP",26.91,26.23,26.285,25.5888888888889,25.0058823529412,25.0882352941176,24.8846153846154,25.775,25.5,26.375,26,26
2012,"CAQUETA","TEMP",26.8111111111111,26.475,25.1428571428571,25.4875,24.95,24.95,24.625,25.1125,25.6875,25.9375,26.65,26.525
2013,"CAQUETA","TEMP",27.05,26.1875,25.6625,25.8375,25.6428571428571,25.375,24.525,24.9625,25.9285714285714,26.1285714285714,26.1666666666667,26.6
2014,"CAQUETA","TEMP",26.96,26.5,25.775,25.625,25.9666666666667,NA,NA,NA,NA,NA,NA,NA
2007,"CASANARE","TEMP",27.75,29.05,28.0375,26.525,25.4125,24.4125,25.0625,25.1125,25.375,25.5125,26.3,26.1857142857143
2008,"CASANARE","TEMP",26.5428571428571,27.3125,27.9125,26.9125,25.3375,24.7375,24.65,25.3625,25.625,26.225,26.1,26.5125
2009,"CASANARE","TEMP",26.475,27.2875,27.325,26.6625,26.35,25.325,24.7875,25.575,26.4875,26.8666666666667,27.86,27.92
2010,"CASANARE","TEMP",28.55,29.59375,27.88125,26.5214285714286,26.2,25.38125,25.03125,25.39375,26.1875,26.6571428571429,25.93,26.72
2011,"CASANARE","TEMP",26.84,27.7,26.8666666666667,25.9444444444444,25.0375,25.4,25.04,25.4444444444444,25.45,25.9875,25.9,26.3125
2012,"CASANARE","TEMP",26.975,27.1,26.3,25.8875,25.45,25.1875,24.65,25.1625,26.075,26.2125,27.65,27.725
2013,"CASANARE","TEMP",28.2,28.775,28.3,27.66,26.575,25.86,25.3,25.5666666666667,26.2333333333333,26.6,26.8666666666667,27.1
2014,"CASANARE","TEMP",27.9,29.1,27.9,NA,NA,NA,NA,NA,NA,NA,NA,NA
2007,"CAUCA","TEMP",20.6388888888889,20.7789473684211,20.3315789473684,19.8222222222222,19.8333333333333,19.9166666666667,20.1666666666667,19.7833333333333,20.7421052631579,19.5578947368421,19.7842105263158,19.3052631578947
2008,"CAUCA","TEMP",19.45,19.35,19.8210526315789,19.9473684210526,19.7473684210526,19.9789473684211,19.8842105263158,19.8578947368421,20.1052631578947,19.6736842105263,19.6263157894737,19.3444444444444
2009,"CAUCA","TEMP",19.5882352941176,20.0235294117647,19.7888888888889,20.6235294117647,20.8705882352941,20.1722222222222,20.15,20.4823529411765,21.0588235294118,20.7388888888889,20.35,20.3444444444444
2010,"CAUCA","TEMP",21.0166666666667,21.1166666666667,21.3,20.5472222222222,20.7722222222222,20.0055555555556,19.7361111111111,19.9285714285714,19.3647058823529,19.9794117647059,18.9527777777778,19.0166666666667
2011,"CAUCA","TEMP",19.9,19.6305555555556,19.6529411764706,19.6666666666667,20.5052631578947,20.4,20.2972222222222,20.7214285714286,20.6952380952381,19.5894736842105,19.8473684210526,19.8210526315789
2012,"CAUCA","TEMP",19.5,19.5111111111111,20.1777777777778,19.6285714285714,20.1214285714286,20.4285714285714,20.7125,20.5588235294118,20.6470588235294,19.9823529411765,20.18125,19.56875
2013,"CAUCA","TEMP",19.9066666666667,19.8529411764706,20.44,20.62,19.6266666666667,20.29375,20.05625,18.55,19.9777777777778,19.52,19.3733333333333,19.69375
2014,"CAUCA","TEMP",19.8625,19.7625,19.8083333333333,21.04,19.025,17.75,NA,NA,NA,NA,NA,NA
2007,"CESAR","TEMP",29.075,29.7833333333333,29.4166666666667,28.575,27.7916666666667,28.5666666666667,28.8181818181818,27.4916666666667,27.7333333333333,26.9583333333333,27.6090909090909,27.5583333333333
2008,"CESAR","TEMP",28.4333333333333,29.1,28.7916666666667,28.6166666666667,27.7916666666667,28.125,27.8916666666667,27.45,27.5666666666667,27.225,26.9583333333333,27.3416666666667
2009,"CESAR","TEMP",28.2916666666667,28.9166666666667,28.6583333333333,29.2583333333333,28.3666666666667,28.2666666666667,29.525,29.1333333333333,29.2083333333333,28.3333333333333,28.2083333333333,29.0583333333333
2010,"CESAR","TEMP",29.725,30.625,29.9045454545455,29.4347826086957,29.1521739130435,28.2863636363636,27.9409090909091,27.7772727272727,27.4090909090909,27.5772727272727,27.15,27.2409090909091
2011,"CESAR","TEMP",28.3789473684211,28.9857142857143,28.7888888888889,28.4461538461538,28.4076923076923,28.4090909090909,28.1222222222222,28.0454545454545,27.9,26.72,27.0888888888889,27.3555555555556
2012,"CESAR","TEMP",27.975,29.225,29.75,28.2,28.4125,28.9,29.5875,28.3,28.4714285714286,27.675,28.25,28.75
2013,"CESAR","TEMP",29.7888888888889,30.2375,30.025,29.9625,28.525,29.4833333333333,30.1,28.8,27.0333333333333,27.1666666666667,NA,NA
2007,"CHOCO","TEMP",25.6166666666667,26.2142857142857,25.3857142857143,25.7857142857143,25.26,25.6,25.8714285714286,25.2142857142857,25.4571428571429,24.9142857142857,24.8428571428571,24.5571428571429
2008,"CHOCO","TEMP",24.9285714285714,25.0571428571429,25.4,25.6857142857143,25.5857142857143,25.5428571428571,25.4714285714286,25.3857142857143,25.4285714285714,25.2714285714286,24.8714285714286,24.7666666666667
2009,"CHOCO","TEMP",24.7,25.2666666666667,25.1857142857143,25.4,25.8333333333333,25.4166666666667,25.7666666666667,25.5,25.9,25.5833333333333,25.64,25.5666666666667
2010,"CHOCO","TEMP",26.0166666666667,26.0666666666667,26.2833333333333,26.0166666666667,26.1833333333333,25.6333333333333,25.45,25.45,25.4166666666667,25.2333333333333,24.65,24.6666666666667
2011,"CHOCO","TEMP",25.1083333333333,25.16,25.5833333333333,25.5909090909091,25.6454545454545,25.5,25.2333333333333,25.9714285714286,25.6285714285714,24.75,24.62,24.6833333333333
2012,"CHOCO","TEMP",24.9833333333333,25.15,25.65,25.7166666666667,25.78,25.82,25.6,25.2,25.2,25.28,25.26,25.18
2013,"CHOCO","TEMP",26.9,25.96,26.58,26.68,25.4833333333333,25.4833333333333,25.34,25.04,26.175,26.125,25.04,25.14
2014,"CHOCO","TEMP",25.25,25.175,26.9333333333333,27.3,26.9,26.85,NA,NA,NA,NA,NA,NA
2007,"CORDOBA","TEMP",28.1,28.136,28.2037037037037,27.7892857142857,27.5071428571429,27.7392857142857,27.7642857142857,27.225,27.4678571428571,27.1178571428571,27.4038461538462,27.1607142857143
2008,"CORDOBA","TEMP",27.3153846153846,27.425,27.5428571428571,27.8962962962963,27.1642857142857,27.4821428571429,27.1607142857143,27.0928571428571,27.2192307692308,27.1428571428571,27.0384615384615,27.3
2009,"CORDOBA","TEMP",27.5107142857143,27.7785714285714,27.5321428571429,27.9535714285714,27.4285714285714,27.2821428571429,27.7461538461538,27.525,27.7458333333333,27.4375,27.6666666666667,28.0791666666667
2010,"CORDOBA","TEMP",28.0512820512821,28.3410256410256,28.2897435897436,28.2051282051282,28.0333333333333,27.6333333333333,27.2948717948718,27.374358974359,27.174358974359,27.3432432432432,26.7702702702703,26.5243243243243
2011,"CORDOBA","TEMP",27.46,27.62,27.1034482758621,27.2724137931034,27.2689655172414,27.3888888888889,27.4181818181818,27.6666666666667,27.1611111111111,26.875,26.95625,27.0375
2012,"CORDOBA","TEMP",27.4533333333333,27.62,28.1461538461538,27.4357142857143,27.4285714285714,27.6461538461538,27.8153846153846,27.6090909090909,27.6571428571429,27.3,28,28.1
2013,"CORDOBA","TEMP",28.8,NA,NA,NA,NA,NA,NA,NA,NA,NA,NA,NA
2007,"CUNDINAMARCA","TEMP",16.7617021276596,17.4239130434783,17.316,17.4108695652174,16.9021739130435,16.9204545454545,17.1704545454545,16.325,16.8,16.9622222222222,16.5816326530612,16.2509090909091
2008,"CUNDINAMARCA","TEMP",16.4428571428571,16.3240740740741,16.1155172413793,16.2982142857143,15.962,16.3229166666667,16.0018867924528,16.0132075471698,16.022641509434,16.0428571428571,16.3862745098039,16.27
2009,"CUNDINAMARCA","TEMP",15.9826923076923,16.4520833333333,16.2857142857143,16.2714285714286,16.3185185185185,16.2541666666667,15.9421052631579,16.4719298245614,16.9442307692308,17.0340909090909,16.6148936170213,15.7547619047619
2010,"CUNDINAMARCA","TEMP",16.1845070422535,16.4397260273973,16.85,16.2101449275362,16.6069444444444,15.741095890411,15.7873417721519,15.7822784810127,15.8257575757576,15.4882352941176,15.3264705882353,15.0014084507042
2011,"CUNDINAMARCA","TEMP",15.2627118644068,15.4310344827586,15.6333333333333,15.7888888888889,15.8423076923077,16.445652173913,16.1846153846154,16.3352941176471,15.9911764705882,15.7441176470588,16.3033333333333,16.6071428571429
2012,"CUNDINAMARCA","TEMP",15.8586206896552,15.6466666666667,16.0551724137931,15.7933333333333,16.1827586206897,16.1433333333333,15.352,16.3347826086957,16.4333333333333,16.4434782608696,16.5681818181818,16.075
2013,"CUNDINAMARCA","TEMP",17.6647058823529,16.66875,16.3125,15.82,15.4769230769231,15.7363636363636,14.2444444444444,13.0285714285714,19.5,19.8,19,18.8
2014,"CUNDINAMARCA","TEMP",22.85,29.1,28,NA,NA,NA,NA,NA,NA,NA,NA,NA
2007,"GUAINIA","TEMP",28.1,28,26.5,26.5,26.5,25.8,26.1,26.3,26.7,26.8,27.5,27
2008,"GUAINIA","TEMP",NA,27.1,27,26.7,25.7,25.3,25.4,26.2,26.5,26.7,26.6,26.6
2009,"GUAINIA","TEMP",26.6,26.9,26.6,26.6,26.5,25.7,25.9,26.5,26.8,27.1,27.6,27.5
2010,"GUAINIA","TEMP",NA,28.2,27.4,27.1,26.3,26.1,25.75,26,26.95,27.35,26.6,26.65
2011,"GUAINIA","TEMP",26.6,NA,26.6,26.4,26,26.1,25.9,26.8,26.8,26.5,26.5,26.2
2012,"GUAINIA","TEMP",26.7,27,26.1,26.3,25.9,25.9,25.2,26.2,26.5,27,27,26.9
2013,"GUAINIA","TEMP",28,26.8,NA,NA,NA,25.9,25.3,25.6,26.6,27,NA,26.8
2014,"GUAINIA","TEMP",27,27.2,27.2,NA,NA,NA,NA,NA,NA,NA,NA,NA
2007,"GUAJIRA","TEMP",27.2166666666667,27.5,27.6636363636364,27.9363636363636,28,28.7916666666667,28.9666666666667,28.2,28.2083333333333,27.2636363636364,27.3545454545455,26.8727272727273
2008,"GUAJIRA","TEMP",26.64,27.05,27.3090909090909,28.06,28.225,28.8272727272727,28.9545454545455,28.5,28,27.32,27.05,26.3222222222222
2009,"GUAJIRA","TEMP",26.6181818181818,26.4090909090909,26.5363636363636,28.2181818181818,28.28,28.5545454545455,29.82,29.5444444444444,29.44,28.6666666666667,28.13,27.9
2010,"GUAJIRA","TEMP",27.72,27.85,28.79,28.4444444444444,29.1294117647059,28.555,28.35,28.095,27.4545454545455,27.6315789473684,26.2272727272727,26.195
2011,"GUAJIRA","TEMP",26.6,26.5,26.7733333333333,27.6636363636364,27.775,28.6111111111111,28.8142857142857,28.8555555555556,28.2571428571429,27.6444444444444,27.2666666666667,26.6555555555556
2012,"GUAJIRA","TEMP",26.4777777777778,26.9,27.4555555555556,27.9777777777778,28.6888888888889,29.2777777777778,29.6555555555556,29.2444444444444,29.3625,27.8375,28.3875,28.0625
2013,"GUAJIRA","TEMP",27.5,27.925,28.1111111111111,29.2375,28.8428571428571,29.6428571428571,29.6571428571429,29.3142857142857,28.6,28.5,27.8,NA
2007,"GUAVIARE","TEMP",26.8,27.7666666666667,26.4,25.9333333333333,25.5,24.6,25.2666666666667,25.0666666666667,25.0666666666667,25.3,26.05,26.2
2008,"GUAVIARE","TEMP",26.2666666666667,26.6,26.5333333333333,25.9,25,24.6,24.6333333333333,25.6333333333333,25.3666666666667,25.6333333333333,25.6333333333333,25.8333333333333
2009,"GUAVIARE","TEMP",25.5333333333333,26.4333333333333,26,25.6666666666667,25.4333333333333,25.1333333333333,24.7666666666667,25.2666666666667,25.9666666666667,25.9666666666667,26.3,26.1333333333333
2010,"GUAVIARE","TEMP",26.4333333333333,27,26.4666666666667,26,25.7,25.3,24.9666666666667,25.3333333333333,26.1333333333333,26.2666666666667,26,25.7666666666667
2011,"GUAVIARE","TEMP",26,26.4,25.75,25.3333333333333,24.85,25,24.6,NA,NA,NA,NA,NA
2007,"HUILA","TEMP",23.7931034482759,23.625,23.0551724137931,22.6428571428571,22.6758620689655,22.0448275862069,22.9793103448276,22.6821428571429,23.275,22.5034482758621,22.5033333333333,22.31
2008,"HUILA","TEMP",22.951724137931,22.8793103448276,22.6571428571429,22.6185185185185,22.4607142857143,22.725,22.8607142857143,23.2357142857143,23.3407407407407,22.9666666666667,22.3925925925926,22.6740740740741
2009,"HUILA","TEMP",22.7392857142857,23.0571428571429,22.4964285714286,23.1730769230769,23.536,23.3230769230769,23.2851851851852,23.6423076923077,24.6444444444444,24.2961538461538,23.7357142857143,24.3230769230769
2010,"HUILA","TEMP",25.0814814814815,25.0555555555556,24.3648148148148,23.8351851851852,23.7,22.8074074074074,22.8166666666667,23.5092592592593,23.2888888888889,22.9592592592593,22.1039215686275,22.0557692307692
2011,"HUILA","TEMP",23.2722222222222,22.79,22.692,22.611320754717,23.5382978723404,23.0425531914894,22.8155555555556,23.9923076923077,23.7884615384615,22.9107142857143,22.776,22.58
2012,"HUILA","TEMP",22.904,23.048,22.6208333333333,22.6739130434783,23.4173913043478,23.3434782608696,22.9173913043478,23.6809523809524,23.4545454545455,23.1571428571429,22.6272727272727,22.395
2013,"HUILA","TEMP",23.66,22.825,23.54,23.8,22.8368421052632,23.5210526315789,22.9904761904762,23.4315789473684,23.752380952381,24.055,22.7368421052632,22.7380952380952
2014,"HUILA","TEMP",23.4157894736842,23.3555555555556,22.7947368421053,23.8944444444444,23,22.1714285714286,NA,NA,NA,NA,NA,NA
2007,"MAGDALENA","TEMP",24.9666666666667,25.2533333333333,25.74,25.7266666666667,25.52,25.92,25.8333333333333,25.1,25.24,24.6,24.9866666666667,24.5066666666667
2008,"MAGDALENA","TEMP",24.3466666666667,24.4461538461538,24.4615384615385,25.3333333333333,25.5941176470588,25.4714285714286,25.0266666666667,25.3176470588235,25.6764705882353,25.3117647058824,24.0384615384615,24.4266666666667
2009,"MAGDALENA","TEMP",23.8461538461538,25.2117647058824,24.8875,25.8529411764706,25.6411764705882,25.7352941176471,26.2411764705882,26.0705882352941,26.3235294117647,25.6235294117647,25.4352941176471,25.5705882352941
2010,"MAGDALENA","TEMP",25.662962962963,27.1041666666667,26.6777777777778,26.537037037037,26.5777777777778,25.9925925925926,25.5222222222222,25.4962962962963,25.5095238095238,25.4047619047619,25.1576923076923,24.9217391304348
2011,"MAGDALENA","TEMP",25.4142857142857,26.8875,26.2076923076923,26.9333333333333,26.6923076923077,27.4166666666667,26.9545454545455,27.1090909090909,26.7818181818182,26.0090909090909,26.1090909090909,25.9111111111111
2012,"MAGDALENA","TEMP",26.0888888888889,26.4555555555556,27.2888888888889,26.6111111111111,26.8888888888889,27.1222222222222,27.4333333333333,26.8222222222222,26.9333333333333,26.3111111111111,26.7555555555556,26.7777777777778
2013,"MAGDALENA","TEMP",26.7777777777778,27.2555555555556,27.7777777777778,28.0555555555556,26.5857142857143,26.7714285714286,27.2375,24.675,25.2,25.14,13,NA
2007,"META","TEMP",27.5214285714286,28.7642857142857,26.8875,26.0533333333333,25.2,24.06875,24.8933333333333,24.46875,25.2375,25.6,26.1,26.06
2008,"META","TEMP",26.7733333333333,27.23125,27.3071428571429,26.1733333333333,24.9933333333333,24.44375,24.24375,25.44375,25.35625,25.30625,25.54375,25.7857142857143
2009,"META","TEMP",25.6642857142857,26.58,26.28,25.6066666666667,25.62,25.0133333333333,24.5142857142857,25.4428571428571,25.9307692307692,26.0428571428571,26.56,26.9571428571429
2010,"META","TEMP",27.3861111111111,28.1769230769231,26.8166666666667,25.9761904761905,25.7404761904762,25.1547619047619,24.9380952380952,25.0642857142857,25.7595238095238,25.7714285714286,25.3261904761905,25.6857142857143
2011,"META","TEMP",25.9833333333333,26.5071428571429,26.0071428571429,25.5166666666667,25.0051282051282,25.2081081081081,24.9075,25.5447368421053,25.3272727272727,25.5861111111111,25.4588235294118,25.775
2012,"META","TEMP",26.4952380952381,26.3692307692308,25.3583333333333,25.1666666666667,25.275,24.76,24.4,24.8466666666667,25.4533333333333,26.1714285714286,26.3153846153846,26.8642857142857
2013,"META","TEMP",27.2214285714286,27.1307692307692,26.35,26.4,25.4909090909091,25.3,24.53,24.8416666666667,25.5461538461538,26.1153846153846,25.8642857142857,26.2461538461538
2014,"META","TEMP",27.1071428571429,28.1785714285714,27.28,25.9285714285714,26.25,25,NA,NA,NA,NA,NA,NA
2007,"NARINYO","TEMP",17.33125,17.0875,17.0375,17.16875,17.01875,16.6,16.575,16.3625,16.54375,16.575,16.64375,16.3125
2008,"NARINYO","TEMP",16.35625,15.62,15.8333333333333,16.85625,16.65,16.65,16.3375,16.38125,16.6375,16.5625,16.725,16.2764705882353
2009,"NARINYO","TEMP",16.3411764705882,16.725,16.6941176470588,16.2125,16.7214285714286,17.18,17.2066666666667,17.48,17.3125,17.1764705882353,17.2411764705882,17.0470588235294
2010,"NARINYO","TEMP",17.546,17.93,18.008,17.966,17.904,16.8320754716981,16.5415094339623,16.5830188679245,16.5867924528302,16.6716981132075,15.534,15.9905660377358
2011,"NARINYO","TEMP",15.7076923076923,16.81,16.83,16.7943396226415,17.1264150943396,16.8980392156863,16.3921568627451,16.6714285714286,16.6285714285714,16.4612244897959,16.9,16.7340425531915
2012,"NARINYO","TEMP",15.932,16.5894736842105,17.3411764705882,17.6625,16.9125,16.225,17.3461538461538,16.7875,17.3444444444444,16.76875,17.225,15.9625
2013,"NARINYO","TEMP",16.6666666666667,16.7846153846154,17.4833333333333,16.5363636363636,17.03125,16.2642857142857,16.2,17.06,17.3866666666667,16.7214285714286,16.5214285714286,15.9166666666667
2014,"NARINYO","TEMP",16.2272727272727,15.8333333333333,16.29,16.8285714285714,16.44,13.8666666666667,NA,NA,NA,NA,NA,NA
2007,"NORTE SANTANDER","TEMP",21.5904761904762,22.252380952381,22.4190476190476,22.7047619047619,22.9285714285714,22.7142857142857,22.7227272727273,22.1047619047619,22.5363636363636,22.1863636363636,21.8954545454545,20.9181818181818
2008,"NORTE SANTANDER","TEMP",20.6590909090909,20.8909090909091,21.4818181818182,22.1227272727273,22.2227272727273,22.4318181818182,22.1909090909091,22.1909090909091,22.55,22.2181818181818,22.2,21.0809523809524
2009,"NORTE SANTANDER","TEMP",21.345,21.27,21.17,22.41,22.6238095238095,22.7285714285714,22.5636363636364,22.6714285714286,23.1904761904762,22.4047619047619,22.385,21.7714285714286
2010,"NORTE SANTANDER","TEMP",21.8829268292683,23.2951219512195,23.0365853658537,22.7365853658537,22.62,22.5452380952381,22.0785714285714,22.705,21.6230769230769,21.9785714285714,21.1666666666667,20.8073170731707
2011,"NORTE SANTANDER","TEMP",20.8948717948718,20.925641025641,20.2057142857143,21.1297297297297,22.1333333333333,22.5129032258065,22.3,22.3142857142857,22.0857142857143,21.1105263157895,21.0263157894737,20.4684210526316
2012,"NORTE SANTANDER","TEMP",19.75,20.2421052631579,20.805,21.4,21.8888888888889,22.7705882352941,22.2666666666667,22.14375,22.43125,21.9235294117647,21.6764705882353,21.1941176470588
2013,"NORTE SANTANDER","TEMP",20.8294117647059,20.8647058823529,21.5466666666667,21.7733333333333,21.8125,21.8461538461538,22.6153846153846,24.0125,22.9,28.5,26.4,25.7
2014,"NORTE SANTANDER","TEMP",26.3,27.4,27.6,28.8,27.4,28.2,NA,NA,NA,NA,NA,NA
2007,"PUTUMAYO","TEMP",23.55,24.475,22.7,22.9375,22.5875,21.65,22.3625,22.175,22.375,23.1125,23.4875,23.3125
2008,"PUTUMAYO","TEMP",23.1875,22.65,22.9125,23.0125,22.1375,21.7,21.6625,22.375,22.3875,22.6,22.7,22.8428571428571
2009,"PUTUMAYO","TEMP",22.0571428571429,22.875,22.4,22.4,22.45,21.7375,21.8125,22.425,22.9375,23.35,23.6875,23.325
2010,"PUTUMAYO","TEMP",23.5625,23.44375,23.44375,23.21875,22.975,21.9125,21.95625,22.1875,23.14375,22.9933333333333,22.7733333333333,22.3846153846154
2011,"PUTUMAYO","TEMP",23.8928571428571,22.89375,22.875,22.4375,22.08125,21.85,21.4714285714286,21.3545454545455,22.3125,23.1875,23.025,22.5875
2012,"PUTUMAYO","TEMP",22.6857142857143,21.7333333333333,20.52,21.12,20.3,20.44,19.94,20.34,21.4166666666667,21.9833333333333,22.4333333333333,23.05
2013,"PUTUMAYO","TEMP",22.5166666666667,21.12,21.14,20.6,21.08,20.6,19.05,19.375,21.1,22.3,22.6333333333333,23.575
2014,"PUTUMAYO","TEMP",22.02,18.3333333333333,18.6666666666667,25.9,NA,NA,NA,NA,NA,NA,NA,NA
2007,"QUINDIO","TEMP",23,23.1,21.7,21.8,21.6,22.4,22.4,21.8,22,20.8,21.2,20.8
2008,"QUINDIO","TEMP",21.7,21.7,21.5,21.6,21.4,21.5,21.5,21.6,21.5,21.3,21.1,21.5
2009,"QUINDIO","TEMP",21.6,21.6,21.7,21.9,22.1,22.1,23,22.8,23.4,22.1,22.2,22.4
2010,"QUINDIO","TEMP",23.3,24.3,23.75,22.2,22.8,22,21.4,22.05,21.75,21.7,20.85,21.45
2011,"QUINDIO","TEMP",22.4,21.85,21.9,21.55,22.3,22.5,22.4,22.8,22.3,21.3,21.4,21.9
2012,"QUINDIO","TEMP",21.7,22.4,22.5,21.8,22.3,22.8,23.2,23.3,23,21.7,22.1,22.2
2013,"QUINDIO","TEMP",23.6,22.2,23,22.7,21.8,23.2,23.2,22.7,NA,22,NA,22.1
2014,"QUINDIO","TEMP",22.5,22,22.2,22.4,22.1,22.8,NA,NA,NA,NA,NA,NA
2007,"RISARALDA","TEMP",20.9833333333333,20.9,20.1166666666667,20.1,19.8666666666667,20.15,20.4666666666667,19.9166666666667,20.5,19.68,20,19.68
2008,"RISARALDA","TEMP",20.24,20.02,19.5166666666667,19.7666666666667,19.6,19.6166666666667,19.4833333333333,19.3833333333333,19.5833333333333,19.3833333333333,19.2166666666667,19.4333333333333
2009,"RISARALDA","TEMP",19.4333333333333,19.6833333333333,19.6,19.8833333333333,19.9333333333333,19.75,20.5166666666667,20.3333333333333,20.95,19.85,19.85,19.44
2010,"RISARALDA","TEMP",21.0909090909091,21.2166666666667,21.1,20.0666666666667,20.3,19.65,19.86,20.2,19.8,19.78,19.06,19.44
2011,"RISARALDA","TEMP",20.32,20.04,19.87,19.75,20.32,20.6,20.7222222222222,21.4,20.72,19.6,19.78,20.65
2012,"RISARALDA","TEMP",20.2,20.46,20.54,20.1,20.62,20.84,21.08,21,21.7,20.22,20.52,21.25
2013,"RISARALDA","TEMP",21.54,20.3,20.9,21.04,20.1,21,20.2333333333333,19.8666666666667,20.05,19.5,20.8666666666667,21.2
2014,"RISARALDA","TEMP",21.5666666666667,21.5333333333333,21.7,21.9333333333333,21.6,22.6,NA,NA,NA,NA,NA,NA
2007,"SAN ANDRES Y PR","TEMP",27.15,27,27.45,28.2,28.2,28.65,28.65,28.4,27.95,27.3,27.35,27.05
2008,"SAN ANDRES Y PR","TEMP",26.7,26.65,26.75,27.2,27.65,28.15,27.8,28.05,28.1,27.55,26.85,27
2009,"SAN ANDRES Y PR","TEMP",26.9,26.45,26.55,27.45,28,28,28.55,28.4,28.35,27.7,27.6,27.8
2010,"SAN ANDRES Y PR","TEMP",26.8,27.1,27.6,28.6,28.7,28.65,28.45,27.8,27.975,27.35,27.15,26.05
2011,"SAN ANDRES Y PR","TEMP",26.35,26.85,26.8,27.6,27.85,28.1,28.25,28.8,28.35,27.45,27.35,27.05
2012,"SAN ANDRES Y PR","TEMP",26.65,26.7,26.9,27.3,28.45,28.6,28.5,28.4,28.5,27.8,27.3,27.7
2013,"SAN ANDRES Y PR","TEMP",27.4,27,26.9,27.9,28.1,28.45,28.6,28.3,27.85,27.95,27.95,27.85
2014,"SAN ANDRES Y PR","TEMP",27.1,NA,NA,NA,NA,NA,NA,NA,NA,NA,NA,NA
2007,"SANTANDER","TEMP",23.35,23.3107142857143,22.8428571428571,22.9724137931034,22.6678571428571,22.6178571428571,23.0275862068966,22.5793103448276,22.5571428571429,22.3620689655172,22.8103448275862,22.451724137931
2008,"SANTANDER","TEMP",22.6137931034483,22.7620689655172,22.6793103448276,22.5793103448276,22.5620689655172,22.6344827586207,22.4931034482759,22.4103448275862,22.6103448275862,22.4827586206897,22.3344827586207,22.6392857142857
2009,"SANTANDER","TEMP",22.5285714285714,22.662962962963,22.4,22.8178571428571,22.6357142857143,22.7214285714286,22.9785714285714,23.05,23.3714285714286,22.775,22.7,23.3208333333333
2010,"SANTANDER","TEMP",23.3916666666667,24.264,23.79375,23.16875,23.1041666666667,22.6816326530612,22.1938775510204,22.2686274509804,21.8,21.9673913043478,21.5521739130435,21.4
2011,"SANTANDER","TEMP",22.1021276595745,22.0723404255319,21.8644444444444,22.0244444444444,21.4382352941176,21.5363636363636,21.3575757575758,21.2137931034483,21.037037037037,20.77,20.5952380952381,20.9619047619048
2012,"SANTANDER","TEMP",21.85,21.9904761904762,21.8619047619048,21.4095238095238,21.8952380952381,22.0428571428571,22.1333333333333,22.04,22.1333333333333,21.895,22.0285714285714,22.04
2013,"SANTANDER","TEMP",22.8285714285714,22.2666666666667,22.547619047619,22.58,21.7052631578947,22.25,22.2352941176471,22.08125,21.9928571428571,21.2333333333333,19.2333333333333,24.9
2014,"SANTANDER","TEMP",25.4,25.4,25.2,25.55,25,25.75,NA,NA,NA,NA,NA,NA
2007,"SUCRE","TEMP",28.125,28.075,27.925,27.475,27.125,27.45,27.7,26.875,26.925,26.5,27.025,26.675
2008,"SUCRE","TEMP",26.925,27.325,27.675,28.4333333333333,27.9,28.2,27.175,27,27.35,27.125,26.775,27.325
2009,"SUCRE","TEMP",27.825,28.125,27.525,27.7333333333333,27.475,26.8333333333333,27.9666666666667,27.3666666666667,27.4666666666667,27.1,27.1333333333333,27.6333333333333
2010,"SUCRE","TEMP",28.175,28.2,28.2857142857143,28.1875,27.8428571428571,27.1333333333333,26.4833333333333,26.6714285714286,26.4285714285714,26.5,25.9666666666667,25.8666666666667
2011,"SUCRE","TEMP",26.9666666666667,27.625,26.875,26.85,27,27.15,26.85,27.2,27.1,26.4,26.7,26.8
2012,"SUCRE","TEMP",27.225,27.5,28.35,27.3,27.325,27.7,27.9333333333333,27.3666666666667,28.1,NA,NA,NA
2007,"TOLIMA","TEMP",25.3677419354839,25.6566666666667,24.6875,24.4966666666667,24.5133333333333,24.69,25.2137931034483,25.0966666666667,25.9413793103448,24.7966666666667,24.3935483870968,24.2827586206897
2008,"TOLIMA","TEMP",24.0551724137931,24.3137931034483,24.3966666666667,24.1448275862069,23.9214285714286,24.4333333333333,24.69,24.4620689655172,24.575,24.1444444444444,23.6677419354839,24.0935483870968
2009,"TOLIMA","TEMP",23.71,24.1866666666667,23.68,24.562962962963,24.5322580645161,25.07,25.5967741935484,25.6551724137931,26.2068965517241,25.1857142857143,25.1269230769231,25.4
2010,"TOLIMA","TEMP",25.8060606060606,26.3606060606061,26.5677419354839,25.4133333333333,25.23,24.7933333333333,24.2387096774194,25.0225806451613,24.2620689655172,24.4566666666667,23.7387096774194,23.77
2011,"TOLIMA","TEMP",24.7870967741936,24.0137931034483,24.0214285714286,23.8407407407407,24.2464285714286,24.5892857142857,25.3653846153846,25.2461538461538,25.15,23.6923076923077,23.4923076923077,24.1166666666667
2012,"TOLIMA","TEMP",23.5166666666667,23.7208333333333,23.916,23.44,24.4409090909091,25.605,24.8916666666667,26.69,27.3909090909091,25.3363636363636,25.23,25.1111111111111
2013,"TOLIMA","TEMP",25.1117647058824,23.7285714285714,24.9857142857143,25.9846153846154,24.5714285714286,25.34,24.3,29.5,29.8,28.9,27.3,27.1
2014,"TOLIMA","TEMP",28,28.2,27.4,28.9,NA,NA,NA,NA,NA,NA,NA,NA
2007,"VALLE","TEMP",23.2,23.81875,22.7117647058824,22.475,22.4133333333333,22.5875,22.83125,22.2588235294118,22.8352941176471,21.7470588235294,22.0647058823529,21.45625
2008,"VALLE","TEMP",22.03125,22.1117647058824,22.1764705882353,22.2529411764706,22.2176470588235,22.2470588235294,22.2705882352941,22.8625,23.1,22.6125,21.8117647058824,22.0352941176471
2009,"VALLE","TEMP",22.8,22.5470588235294,22.5117647058824,22.8058823529412,22.8823529411765,22.7235294117647,23.3176470588235,23.3764705882353,23.8352941176471,23.0411764705882,23.0647058823529,23.075
2010,"VALLE","TEMP",24.3161290322581,24.169696969697,24.330303030303,23.1,23.2457142857143,22.68,22.896875,23.1466666666667,21.9515151515152,22.015625,21.2,21.43125
2011,"VALLE","TEMP",22.3451612903226,22.0967741935484,22.0966666666667,22.5384615384615,23.2192307692308,23.324,22.176,22.4111111111111,22.7266666666667,21.6,22.4285714285714,22.5714285714286
2012,"VALLE","TEMP",22.04,22.9214285714286,22.54,22.7857142857143,22.9666666666667,22.5785714285714,22.6428571428571,22.6642857142857,22.9285714285714,21.9428571428571,22.7333333333333,22.7583333333333
2013,"VALLE","TEMP",23.3181818181818,22.5166666666667,23.175,23.3916666666667,22.375,22.4166666666667,22.2545454545455,23.3,24.575,24.4166666666667,21.8714285714286,21.9076923076923
2014,"VALLE","TEMP",22.4071428571429,22.9545454545455,22.4307692307692,23.3454545454545,22.5222222222222,24.8,NA,NA,NA,NA,NA,NA
2007,"VAUPES","TEMP",24.2,24.2,24.5,25.1,24.8,24.5,24.5,24.6,24.6,24.6,24.7,24.5
2008,"VAUPES","TEMP",24.6,24.7,25.2,25.3,24.8,24.5,24.6,24.9,24.8,24.8,25.2,25.5
2009,"VAUPES","TEMP",25,24.9,25,25,25,24.7,24.7,25.1,25.1,25,25.1,25.1
2010,"VAUPES","TEMP",25.2,25.1,25,24.9,25,25,25,25,25.3,25.3,25,24.9
2011,"VAUPES","TEMP",25.2,25.1,25.2,24.8,24.3,24.5,24.6,25.6,25,25.4,25.5,24.8
2012,"VAUPES","TEMP",25.3,24.8,24.8,25.4,24.8,24.9,24.5,25,25.4,25.6,25.7,25
2013,"VAUPES","TEMP",25.7,25.1,26,25.7,NA,26.4,27.4,25.2,25.6,25.8,NA,25.5
2014,"VAUPES","TEMP",25.4,25.6,25.8,NA,NA,NA,NA,NA,NA,NA,NA,NA
2007,"VICHADA","TEMP",28.6,29.3,28.775,27.7,26.725,26.1,26.275,26.35,26.65,26.85,27.225,27.65
2008,"VICHADA","TEMP",27.875,27.9333333333333,28.5666666666667,28.0333333333333,26.45,26.05,25.85,26.475,26.675,27.15,27.15,27.65
2009,"VICHADA","TEMP",27.5,28.1666666666667,27.9666666666667,27.8333333333333,27.4666666666667,26.1,25.9,26.3333333333333,26.9,27.1666666666667,27.9333333333333,28.0666666666667
2010,"VICHADA","TEMP",28.1833333333333,29.2,28.4833333333333,26.8333333333333,26.6833333333333,26.7,25.9333333333333,26.1666666666667,27,27.3833333333333,26.9333333333333,27.1
2011,"VICHADA","TEMP",27.2,28.0666666666667,27.82,27.05,26.1,26.42,26.025,26.675,27.05,27.325,26.9333333333333,27.1333333333333
2012,"VICHADA","TEMP",27.5333333333333,27.5333333333333,27,26.7333333333333,26.3666666666667,26,25.5333333333333,26.0666666666667,26.5666666666667,27.0666666666667,27.9666666666667,28.3666666666667
2013,"VICHADA","TEMP",29.25,29.0333333333333,29.3,28.35,26.6666666666667,25.9333333333333,25.925,25.9,26.925,27.2666666666667,27.6,28
2014,"VICHADA","TEMP",28.75,29.5666666666667,29.5666666666667,28.35,29.8,27.6,NA,NA,NA,NA,NA,NA
2015,"AMAZONAS","PRECIP",325.491538461538,299.169166666667,328.23,452.662307692308,416.715833333333,457.17,236.35,249.58,241.76,275.79,NA,288.75
2015,"ANTIOQUIA","PRECIP",85.3393333333333,113.400238095238,118.331825396825,228.490088495575,324.027721518987,237.227209302326,122.89,251.15,287.91,245.36,NA,141.44
2015,"ARAUCA","PRECIP",9.28666666666667,25.54,9.43,289.45,170.44,302.28,261.33,155.45,259.67,200.5,NA,49.95
2015,"ATLANTICO","PRECIP",8.33333333333333,25,25,56.37,64.1566666666667,45.42,32.65,93.02,170.71,294.96,NA,46.13
2015,"BOLIVAR","PRECIP",64.5533333333333,61.2366666666667,95.33,169.41,406.693333333333,232.644285714286,66.34,206.1,213,186.8,NA,66.86
2015,"BOYACA","PRECIP",46.69,90.89,80.23,193.35,186.34,139.65,137.42,125.22,131.99,310.11,NA,87.08
2015,"CALDAS","PRECIP",120.503,146.653684210526,172.458333333333,155.731428571429,230.152,102.33,30.41,71.94,245.79,227.8,NA,198.08
2015,"CAQUETA","PRECIP",144.438666666667,193.914615384615,311.788571428571,403.886428571429,445.818181818182,307.7475,309.19,224.14,177.36,287.14,NA,156.03
2015,"CASANARE","PRECIP",5.2,44.27,32.175,436.396666666667,267.51,299.14,309.99,221.78,221.29,381.31,NA,58.55
2015,"CAUCA","PRECIP",204.910694444444,207.374366197183,229.111940298507,155.117936507937,208.863636363636,138.662727272727,122.75,191.76,214.66,294.07,NA,312.85
2015,"CESAR","PRECIP",35.71,32.16,72.25,113.55,217.6,44.6,32.59,174.79,208.6,377.13,NA,75.58
2015,"CHOCO","PRECIP",429.744117647059,422.266129032258,454.407666666667,465.14275862069,556.752,607.173846153846,285.21,344.43,439.02,187.89,NA,348.63
2015,"CORDOBA","PRECIP",37.25,25.84,48.63,127.16,150.76,213.66,149.83,220.47,255.52,169.38,NA,74.36
2015,"CUNDINAMARCA","PRECIP",63.9827777777778,137.13696969697,170.887857142857,188.45,177.83,155.11,109.84,88.83,132.13,293.08,NA,112.01
2015,"GUAINIA","PRECIP",124.5475,102.9375,96.03,305.8,266.355,637.3,498.67,370.5,248.71,315.69,NA,188.15
2015,"GUAJIRA","PRECIP",25,25,27.73,35.48,51.46,28.42,25.13,84.4,97.51,239.16,NA,36.49
2015,"GUAVIARE","PRECIP",47.51,77.35,136.32,435.39,334.27,484.56,357.58,339.54,247.71,144.32,NA,113.75
2015,"HUILA","PRECIP",103.723578947368,116.482903225806,209.1325,112.870340909091,190.603484848485,98.7627083333333,69.56,63.44,52.05,144.64,NA,266.03
2015,"MAGDALENA","PRECIP",26.6,25.59,42.31,82.93,145.2,46.3,60.86,159.07,191.4,292.26,NA,64.26
2015,"META","PRECIP",21.7125531914894,75.4166,161.406551724138,499.4365,444.731666666667,534.1,318.26,249,232.75,372.66,NA,96.49
2015,"NARINYO","PRECIP",208.542708333333,132.14756097561,231.816511627907,150.988974358974,262.068636363636,125.135384615385,129.42,168.96,193.42,247.37,NA,334.99
2015,"NORTE SANTANDER","PRECIP",28.575,38.43,66.595,92.005,123.28,57.36,72.71,126.64,194.75,233.62,NA,69.29
2015,"PUTUMAYO","PRECIP",173.594375,155.793846153846,240.615833333333,385.33875,427.825,487.521666666667,461.56,247.66,217.37,289.49,NA,218.31
2015,"QUINDIO","PRECIP",175.555,184.9575,271.705,193.305,261.8475,77.41,25.22,30.76,142.43,294.29,NA,172.74
2015,"RISARALDA","PRECIP",157.393333333333,164.809230769231,190.092307692308,221.55,236.005384615385,103.94,34.39,74.85,170.36,301.14,NA,161.95
2015,"SAN ANDRES Y PR","PRECIP",97.5,NA,NA,NA,NA,NA,NA,NA,NA,NA,NA,NA
2015,"SANTANDER","PRECIP",48.4883333333333,157.111666666667,110.431666666667,129.84,150.116666666667,84.49,81.5,168.59,221.87,208.18,NA,89.02
2015,"SUCRE","PRECIP",12.91,32.52,76.97,112.935,213.19,201.35,76.42,215.84,191.28,187.02,NA,42.82
2015,"TOLIMA","PRECIP",123.795714285714,96.70875,127.66,100.4125,194.61,64.91,30.54,37.66,138.93,252.32,NA,159.77
2015,"VALLE","PRECIP",97.5243859649123,121.149215686275,150.640384615385,165.418163265306,167.509375,80.635,76.3,121.81,146.45,331.16,NA,121.85
2015,"VAUPES","PRECIP",200.98,268.43,140.03,359.08,385.67,515.59,422.12,347.7,206.81,303.47,NA,247.19
2015,"VICHADA","PRECIP",10.0605882352941,22.3677777777778,37.1793333333333,240.550714285714,210.43,529.24,418.3,278.65,258.67,258.67,NA,90.94
2015,"ANTIOQUIA","TEMP",22.0147058823529,22.3193548387097,22.4333333333333,22.7047619047619,22.3333333333333,22.0125,NA,NA,NA,NA,NA,NA
2015,"ARAUCA","TEMP",27.3,28.6,29.9,27.4,27.1,25.7,NA,NA,NA,NA,NA,NA
2015,"ATLANTICO","TEMP",26.6,26.2,26.5,NA,NA,NA,NA,NA,NA,NA,NA,NA
2015,"BOYACA","TEMP",13.6,NA,NA,NA,NA,NA,NA,NA,NA,NA,NA,NA
2015,"CALDAS","TEMP",13.42,13.56,13.66,14.12,11.2,NA,NA,NA,NA,NA,NA,NA
2015,"CAQUETA","TEMP",26.96,26.5,25.775,25.625,25.9666666666667,NA,NA,NA,NA,NA,NA,NA
2015,"CASANARE","TEMP",27.9,29.1,27.9,NA,NA,NA,NA,NA,NA,NA,NA,NA
2015,"CAUCA","TEMP",19.8625,19.7625,19.8083333333333,21.04,19.025,17.75,NA,NA,NA,NA,NA,NA
2015,"CHOCO","TEMP",25.25,25.175,26.9333333333333,27.3,26.9,26.85,NA,NA,NA,NA,NA,NA
2015,"CUNDINAMARCA","TEMP",22.85,29.1,28,NA,NA,NA,NA,NA,NA,NA,NA,NA
2015,"GUAINIA","TEMP",27,27.2,27.2,NA,NA,NA,NA,NA,NA,NA,NA,NA
2015,"HUILA","TEMP",23.4157894736842,23.3555555555556,22.7947368421053,23.8944444444444,23,22.1714285714286,NA,NA,NA,NA,NA,NA
2015,"META","TEMP",27.1071428571429,28.1785714285714,27.28,25.9285714285714,26.25,25,NA,NA,NA,NA,NA,NA
2015,"NARINYO","TEMP",16.2272727272727,15.8333333333333,16.29,16.8285714285714,16.44,13.8666666666667,NA,NA,NA,NA,NA,NA
2015,"NORTE SANTANDER","TEMP",26.3,27.4,27.6,28.8,27.4,28.2,NA,NA,NA,NA,NA,NA
2015,"PUTUMAYO","TEMP",22.02,18.3333333333333,18.6666666666667,25.9,NA,NA,NA,NA,NA,NA,NA,NA
2015,"QUINDIO","TEMP",22.5,22,22.2,22.4,22.1,22.8,NA,NA,NA,NA,NA,NA
2015,"RISARALDA","TEMP",21.5666666666667,21.5333333333333,21.7,21.9333333333333,21.6,22.6,NA,NA,NA,NA,NA,NA
2015,"SAN ANDRES Y PR","TEMP",27.1,NA,NA,NA,NA,NA,NA,NA,NA,NA,NA,NA
2015,"SANTANDER","TEMP",25.4,25.4,25.2,25.55,25,25.75,NA,NA,NA,NA,NA,NA
2015,"TOLIMA","TEMP",28,28.2,27.4,28.9,NA,NA,NA,NA,NA,NA,NA,NA
2015,"VALLE","TEMP",22.4071428571429,22.9545454545455,22.4307692307692,23.3454545454545,22.5222222222222,24.8,NA,NA,NA,NA,NA,NA
2015,"VAUPES","TEMP",25.4,25.6,25.8,NA,NA,NA,NA,NA,NA,NA,NA,NA
2015,"VICHADA","TEMP",28.75,29.5666666666667,29.5666666666667,28.35,29.8,27.6,NA,NA,NA,NA,NA,NA
